time,KE,GE,PE,H_total
0.0,0.0,0.999990363676578,9.636323422153338e-06,1.0000000000000002
0.005,0.045629170796557,0.9504858659760568,9.207327179717098e-06,0.9961242440997935
0.01,0.17350044328002237,0.8206071254648375,8.074592433783193e-06,0.9941156433372936
0.015,0.3584939431123481,0.6358302429703402,6.4410124070495765e-06,0.9943306270950955
0.02,0.5647297214302562,0.4319255653303615,4.595257704488981e-06,0.9966598820183222
0.025,0.7531055798280619,0.247456698160974,2.8559141063960724e-06,1.0005651339031423
0.03,0.8893285045287008,0.11587931863549752,1.5112515675953797e-06,1.005209334415766
0.035,0.9506681110611499,0.05897835187478154,7.669607225663214e-07,1.009647229896654
0.04,0.9300063493149913,0.0830233328062331,7.121058525730491e-07,1.0130303942270769
0.045,0.8364238936466408,0.17835437713916402,1.3093017615484683e-06,1.0147795800875663
0.05,0.6923775511348218,0.3223074926117607,2.4097674547186068e-06,1.014687453514037
0.055,0.5282828471556795,0.4846466444248407,3.788695968132198e-06,1.0129332802764883
0.06,0.37584325709795857,0.6341643969438974,5.192464229243018e-06,1.0100128465060851
0.065,0.26165123385135114,0.7449486243908569,6.387379028666693e-06,1.0066062456212366
0.07,0.20240641955463914,0.8010049502628,7.200172358553235e-06,1.0034185699897977
0.075,0.20262352141106021,0.7984004785272139,7.543022564390057e-06,1.0010315429608383
0.08,0.2550723031027401,0.744718107196328,7.419745029368438e-06,0.9997978300440975
0.085,0.34356735745738337,0.6562223444319203,6.913994429218032e-06,0.9997966158837328
0.09,0.44725166320901083,0.5535951115064534,6.163895276841755e-06,1.000852938610741
0.095,0.5452901228125846,0.4573130120817761,5.329753762169563e-06,1.0026084646481228
0.1,0.6209327257334267,0.38368400499424987,4.562068355116025e-06,1.0046212927960316
0.105,0.6641791137067352,0.3422857493639004,3.976031724729532e-06,1.0064688391023604
0.11,0.6726850664096393,0.3351421533124573,3.636531531814356e-06,1.0078308562536284
0.115,0.6509839744268742,0.3575500220119182,3.5549452835676735e-06,1.0085375513840757
0.12,0.6084495613376215,0.400124715027013,3.696447430655184e-06,1.0085779728120652
0.125,0.5566303439758908,0.45143921067950643,3.994641047638822e-06,1.008073549296445
0.13,0.5066176492734269,0.5006066291433473,4.3693962016207194e-06,1.0072286478129757
0.135,0.466988109679512,0.5392802068684703,4.74386145194551e-06,1.0062730604094343
0.14,0.44264164984386484,0.5627636883500012,5.05752124282563e-06,1.005410395715109
0.145,0.434604560057334,0.5701725390713844,5.273559017163302e-06,1.0047823726877356
0.15,0.4406473526612546,0.5638007682186285,5.380267620966725e-06,1.004453501147504
0.155,0.45642284479813444,0.5479869515326826,5.3874901043001006e-06,1.0044151838209214
0.16,0.47677938184630364,0.5278194591253871,5.319858164185956e-06,1.0046041608298548
0.165,0.4969399512552649,0.5079829738060945,5.208849108242242e-06,1.0049281339104676
0.17,0.5133341139009218,0.49195221434303676,5.085463923153434e-06,1.0052914137078817
0.17500000000000002,0.5239915426327277,0.4816185540727879,4.974788499917714e-06,1.0056150714940155
0.18,0.5285203150816379,0.4773233875972128,4.893024789805893e-06,1.0058485957036405
0.185,0.5277758488885186,0.4781919642727344,4.846943295157895e-06,1.0059726601045482
0.19,0.5233661963660123,0.4826236418857182,4.835238193187394e-06,1.0059946734899237
0.195,0.5171376180321412,0.4887974813370975,4.851020860376347e-06,1.005939950390099
0.2,0.5107515435281914,0.49508513999186926,4.8846623291142826e-06,1.0058415681823898
0.20500000000000002,0.5054153796406606,0.5003111406890665,4.926338959573637e-06,1.0057314466686866
0.21,0.5017801494931944,0.503849105421225,4.9678733663194674e-06,1.0056342227877855
0.215,0.4999789732379605,0.5055804594547743,5.003718672579919e-06,1.0055644364114074
0.22,0.49975784385682254,0.5057637898386821,5.031149183177668e-06,1.005526664844688
0.225,0.5006445455988465,0.5048681028632802,5.049860570585764e-06,1.0055176983226972
0.23,0.5021093885943098,0.5034152184362661,5.061239592633751e-06,1.0055296682701684
0.23500000000000001,0.5036870719182314,0.5018610205566499,5.067549571888024e-06,1.0055531600244532
0.24,0.5050466385572554,0.5005279350866074,5.071217514368431e-06,1.0055796448613772
0.245,0.5060115893062223,0.4995862628175135,5.074328891542946e-06,1.0056029264526274
0.25,0.5065421701020932,0.49907236440393393,5.078359797826243e-06,1.005619612865825
0.255,0.5066960122584429,0.49892774096679754,5.084118517371871e-06,1.0056288373437576
0.26,0.5065825856813951,0.4990438657842312,5.0918357224218214e-06,1.0056315433013487
0.265,0.5063230584575537,0.49930147911757633,5.101333367480202e-06,1.0056296389084975
0.27,0.5060220432380944,0.49959809509280223,5.112210853133659e-06,1.0056252505417498
0.275,0.5057529160156465,0.4998621622214436,5.124005360588373e-06,1.0056202022424507
0.28,0.5055548859819575,0.5000557305092852,5.13630407247845e-06,1.0056157527953153
0.28500000000000003,0.5054381213125481,0.5001692829191012,5.148803955939782e-06,1.0056125530356053
0.29,0.50539284602297,0.5002127428106434,5.161327053686076e-06,1.0056107501606673
0.295,0.505398979701115,0.5002060060851972,5.173805239512346e-06,1.0056101595915516
0.3,0.5054340720860676,0.5001711806954249,5.18624917250334e-06,1.005610439030665
0.305,0.5054785326086855,0.5001274918420416,5.198713549501492e-06,1.0056112231642764
0.31,0.5055181643142681,0.5000888265033666,5.211266626269915e-06,1.005612202084261
0.315,0.5055446396951255,0.5000632826470366,5.223967901300584e-06,1.0056131463100635
0.32,0.5055547954891007,0.5000538615953346,5.236854789232025e-06,1.0056138939392245
0.325,0.5055495521710214,0.5000595189336339,5.249937406006542e-06,1.0056143210420612
0.33,0.5055329953791383,0.5000760577015068,5.263200109526786e-06,1.0056143162807545
0.335,0.5055118051619729,0.500096694633461,5.276608736565924e-06,1.0056137764041706
0.34,0.5054948818170669,0.5001124599403837,5.2901229611298766e-06,1.0056126318804117
0.34500000000000003,0.5054927706411257,0.5001128278286722,5.303713306079148e-06,1.005610902183104
0.35000000000000003,0.5055163909238064,0.5000870605360228,5.317381661562868e-06,1.005608768841491
0.355,0.5055746695338954,0.5000266419093965,5.331182566290725e-06,1.0056066426258583
0.36,0.5056709864441485,0.4999288599700205,5.345240218354346e-06,1.0056051916543876
0.365,0.5057988407210469,0.49980109302766557,5.359753835495544e-06,1.005605293502548
0.37,0.5059377655976384,0.4996647403422221,5.374982586940101e-06,1.0056078809224474
0.375,0.5060511129854615,0.49955716692838453,5.3912020940632856e-06,1.00561367111594
0.38,0.5060876751803454,0.49952971967176907,5.408628584217123e-06,1.0056228034806987
0.385,0.5059889625485307,0.49964006653649473,5.427314796968006e-06,1.0056344563998223
0.39,0.5057030899677213,0.499938022909328,5.447033275348755e-06,1.0056465599103246
0.395,0.5052045482975356,0.5004457366714667,5.467175865808215e-06,1.0056557521448681
0.4,0.5045167871255578,0.5011354506140888,5.4867096320765105e-06,1.0056577244492788
0.405,0.5037319538509158,0.5019105883812756,5.504234205161979e-06,1.0056480464663966
0.41000000000000003,0.503020073274736,0.5025978596549693,5.518178734604966e-06,1.0056234511084399
0.41500000000000004,0.5026193659978087,0.5029585065962973,5.527154149645266e-06,1.0055833997482557
0.42,0.5028012198747766,0.5027248206888819,5.530437555800838e-06,1.0055315710012143
0.425,0.5038081116693193,0.5016631332773769,5.528514362610754e-06,1.0054767734610588
0.43,0.5057703647127871,0.4996568486114191,5.523550180157349e-06,1.0054327368743865
0.435,0.5086168557363522,0.4967939705085534,5.5196241237915625e-06,1.0054163458690293
0.44,0.5120034201562754,0.49343523414611734,5.522546390794002e-06,1.0054441768487836
0.445,0.5152877401884279,0.4902343848907551,5.539122666237536e-06,1.0055276642018494
0.45,0.5175778143795526,0.4880843851433594,5.575825247900396e-06,1.00566777534816
0.455,0.5178704551191828,0.48797448075402594,5.636981101134575e-06,1.0058505728543101
0.46,0.5152763595101879,0.4907632236628248,5.722767658086808e-06,1.0060453059406707
0.465,0.5093016877979863,0.4968990163130223,5.827477125252973e-06,1.006206531588134
0.47000000000000003,0.5001283757457047,0.5061467992693897,5.938615718819042e-06,1.0062811136308132
0.47500000000000003,0.4888146240245946,0.517399148155816,6.037390871338075e-06,1.0062198095712818
0.48,0.477331884681985,0.5286537291797865,6.100967420133786e-06,1.0059917148291917
0.485,0.4683721369516123,0.5372201916425333,6.106535882474938e-06,1.0055984351300282
0.49,0.46490166081816064,0.5401762422017674,6.036770646318001e-06,1.0050839397905744
0.495,0.46950041146418064,0.5350297421092391,5.885751272445753e-06,1.004536039324692
0.5,0.48359742664888056,0.5204735148104405,5.6640036550619195e-06,1.004076605462976
0.505,0.5067742372656536,0.49706036349027183,5.401131576713356e-06,1.003840001887502
0.51,0.5363393499362092,0.46759785501182893,5.144672863446373e-06,1.0039423496209017
0.515,0.5673600472387478,0.4370824953487233,4.954384082377982e-06,1.0044474969715533
0.52,0.5932648431544044,0.4120682358488741,4.892092369247652e-06,1.0053379710956476
0.525,0.6070070108836211,0.39948782646275816,5.008399494735113e-06,1.006499845745874
0.53,0.6026287838395172,0.40509464637993453,5.328631040785371e-06,1.0077287588504926
0.535,0.5769226394455496,0.43183172320750757,5.841190463775422e-06,1.0087602038435208
0.54,0.5307921026609048,0.47852275460363985,6.491622410030579e-06,1.0093213488869548
0.545,0.469906584013479,0.5392815418250032,7.18503400610727e-06,1.0091953108724885
0.55,0.4043431972202807,0.6039327313317757,7.798064461616126e-06,1.008283726616518
0.555,0.347107761097581,0.6595353301584251,8.199542606061931e-06,1.0066512907986123
0.56,0.3116924449087464,0.6928370836647625,8.276737514603665e-06,1.0045378053110237
0.5650000000000001,0.30909912026084485,0.6932222990849882,7.962222903877853e-06,1.0023293815687369
0.5700000000000001,0.34496357837028413,0.6555189199350504,7.2553791610940394e-06,1.0004897536844957
0.5750000000000001,0.4174906188822908,0.5819662711173335,6.232845790680001e-06,0.9994631228454149
0.58,0.5168135309375059,0.48275028362170025,5.043941380555039e-06,0.9995688585005867
0.585,0.6261243683773637,0.37478483131395784,3.889973596156591e-06,1.0009130896649177
0.59,0.7245307437155972,0.27880718709249935,2.989916886215887e-06,1.0033409207249828
0.595,0.7911671582339279,0.2152756481400664,2.538351372165448e-06,1.0064453447253665
0.6,0.8097310869300902,0.1999025192789608,2.663981862318179e-06,1.0096362701909132
0.605,0.77242640233506,0.239828511301009,3.3977922077686935e-06,1.0122583114282768
0.61,0.6823446274142135,0.3313835707389383,4.658587617513727e-06,1.0137328567407693
0.615,0.5536071877907669,0.4600785937873723,6.2604603061359296e-06,1.0136920420384454
0.62,0.4090748272916745,0.6029893220484733,7.942191347121097e-06,1.012072091531495
0.625,0.275995048565418,0.7331371336047456,9.413752985289007e-06,1.009141595923149
0.63,0.18046736804732727,0.8249772579132456,1.0411028656970693e-05,1.0054550369892299
0.635,0.1419279741956051,0.8598010004892394,1.0747623789272429e-05,1.0017397223086335
0.64,0.16890021345731465,0.8298301935294861,1.0352814867747104e-05,0.9987407598016684
0.645,0.2570027673237931,0.7400474222818219,9.287334776063826e-06,0.997059476940391
0.65,0.3897070427231919,0.6073080824687832,7.733281519160782e-06,0.9970228584734943
0.655,0.5417071492537405,0.4569013290682785,5.959947100404689e-06,0.9986144382691194
0.66,0.6841627801921548,0.3173153241746308,4.272535275124542e-06,1.0014823769020607
0.665,0.7906457434911218,0.21437322490465488,2.954378824765255e-06,1.0050219227746013
0.67,0.8424699792378851,0.16603962434137365,2.2145455488126025e-06,1.0085118181248074
0.675,0.8322472743266688,0.17902249063301515,2.1513665805627333e-06,1.0112719163262647
0.68,0.7649421644130028,0.24786039678815397,2.7387840018272986e-06,1.0128052999851587
0.685,0.6562889337760746,0.3566005067065239,3.837378331835426e-06,1.01289327786093
0.6900000000000001,0.5290339886077514,0.482584961585271,5.226684029952051e-06,1.0116241768770524
0.6950000000000001,0.4079333439805701,0.6014133734577003,6.651124053086724e-06,1.0093533685623235
0.7000000000000001,0.3146619130076904,0.6919383760339539,7.869505301132949e-06,1.0066081585469455
0.705,0.26373742829712093,0.7402169044051484,8.697943789273321e-06,1.0039630306460585
0.71,0.2602572905049682,0.7416493062876818,9.038199819747661e-06,1.0019156349924696
0.715,0.29978108585288293,0.7010011858256567,8.887073432850029e-06,1.0007911587519727
0.72,0.37018753833635515,0.6304977593391885,8.326801812852965e-06,1.0006936244773565
0.725,0.45491453503823415,0.5465879869905841,7.500310176258365e-06,1.0015100223389946
0.73,0.5367459219365072,0.466207931194575,6.577869399295921e-06,1.0029604310004816
0.735,0.6012793380606806,0.40339247762024527,5.7227353572663805e-06,1.0046775384162832
0.74,0.6393795917086864,0.3669096194437735,5.062645184111879e-06,1.0062942737976441
0.745,0.648229685913633,0.35928479194571467,4.671977538701095e-06,1.0075191498368863
0.75,0.6309483729161945,0.3772315361533532,4.566568189365253e-06,1.0081844756377372
0.755,0.5950597990261102,0.41319636553132266,4.710320401329963e-06,1.0082608748778341
0.76,0.5503092232637792,0.4575259053368108,5.0304873181697745e-06,1.0078401590879082
0.765,0.5063859012439842,0.5007041020223487,5.437236812771497e-06,1.0070954405031456
0.77,0.47104536984933115,0.535179841181972,5.842961652108074e-06,1.0062310539929553
0.775,0.44895545117956326,0.556473383694688,6.177623509682304e-06,1.005435012497761
0.78,0.441377983124843,0.5634595139811325,6.397878601941626e-06,1.0048438949845775
0.785,0.4465978673795553,0.5579210934099867,6.489401257336281e-06,1.0045254501907994
0.79,0.46086643699299845,0.5436063148794045,6.463302446813604e-06,1.0044792151748496
0.795,0.4795603931646551,0.5250846081660768,6.348549560583267e-06,1.0046513498802925
0.8,0.4982708589529799,0.5066804389660254,6.182705620075909e-06,1.0049574806246255
0.805,0.5136110082927804,0.4916898501351667,6.003151598598927e-06,1.0053068615795455
0.81,0.5236361761283361,0.4819803061309274,5.840384706325175e-06,1.0056223226439698
0.8150000000000001,0.5278767426323661,0.47797019460745005,5.714209436977483e-06,1.005852651449253
0.8200000000000001,0.527066981848241,0.4789039034473053,5.6328681470941296e-06,1.0059765181636933
0.8250000000000001,0.5226988006273261,0.48329475428961366,5.59455733205914e-06,1.0059991494742717
0.8300000000000001,0.5165359172817172,0.4894027737229888,5.590433540629912e-06,1.0059442814382464
0.835,0.5101991749281822,0.49563955860394077,5.608140303009935e-06,1.005844341672426
0.84,0.5048905473219939,0.500835268133818,5.635033722631496e-06,1.0057314504895343
0.845,0.5012762623479863,0.504349045663514,5.660563025178504e-06,1.0056309685745255
0.85,0.49951003430462676,0.5060425751344263,5.677579612282653e-06,1.0055582870186652
0.855,0.4993526037309872,0.5061603550450267,5.682626057114705e-06,1.005518641402071
0.86,0.5003353675598805,0.5051680756604922,5.67544637130949e-06,1.005509118666744
0.865,0.5019213053575742,0.5035948118833087,5.658044695200761e-06,1.005521775285578
0.87,0.5036305995347039,0.5019106216670308,5.633612601199342e-06,1.005546854814336
0.875,0.5051156045138971,0.5004541641932312,5.605573945156559e-06,1.0055753742810736
0.88,0.5061853412427677,0.4994097956869506,5.576895018906211e-06,1.0056007138247371
0.885,0.5067904721495355,0.4988231597750463,5.549707405161147e-06,1.005619181631987
0.89,0.5069847336185921,0.4986395064373035,5.525212661613674e-06,1.0056297652685573
0.895,0.5068787014889833,0.49874918985240657,5.503791561110967e-06,1.005633395132951
0.9,0.5065981736159453,0.49902838934684113,5.485225742638203e-06,1.0056320481885292
0.905,0.5062543091881028,0.49936816769936904,5.468949062956766e-06,1.0056279458365347
0.91,0.505927649593928,0.4996898875777985,5.4542694345938644e-06,1.005622991441161
0.915,0.5056643660515185,0.499948681028199,5.440529546917761e-06,1.0056184876092644
0.92,0.5054809857891718,0.50012868190303,5.427199124466911e-06,1.0056150948913263
0.925,0.5053733443685536,0.5002341932335155,5.4139081646551405e-06,1.0056129515102337
0.93,0.5053261585087603,0.5002803064608095,5.400438946603225e-06,1.0056118654085164
0.935,0.5053208532272336,0.5002852655099598,5.386695815683558e-06,1.005611505433009
0.9400000000000001,0.505340606761317,0.5002655662353748,5.372668287524855e-06,1.0056115456649795
0.9450000000000001,0.5053726512797854,0.5002337354461115,5.358397511420281e-06,1.0056117451234083
0.9500000000000001,0.5054085258573855,0.5001980975225817,5.343950704664066e-06,1.0056119673306718
0.9550000000000001,0.505443215813706,0.500163612369123,5.329404108489891e-06,1.0056121575869374
0.96,0.5054740243222662,0.5001329613919867,5.314832784614227e-06,1.0056123005470374
0.965,0.5054997429751775,0.5001073357194639,5.300304992408085e-06,1.0056123789996338
0.97,0.5055203458585187,0.5000867175535482,5.285879415808993e-06,1.0056123492914826
0.975,0.5055371224637251,0.5000697477634666,5.271604488298251e-06,1.00561214183168
0.98,0.5055529460684406,0.5000534842824854,5.257519910395239e-06,1.0056116878708363
0.985,0.5055722728774418,0.5000334502576164,5.243660767447703e-06,1.0056109667958255
0.99,0.5056004911920187,0.5000043404217861,5.230064263311761e-06,1.005610061678068
0.995,0.505642387291806,0.49996160108146437,5.216778044593594e-06,1.005609205151315
1.0,0.5056997551618428,0.4999038349088759,5.2038676682235924e-06,1.0056087939383869
1.0050000000000001,0.5057685248331363,0.49983563409768816,5.1914194084465524e-06,1.0056093503502328
1.01,0.5058361660101329,0.4997700695815025,5.179533878302145e-06,1.0056114151255136
1.0150000000000001,0.5058804503576252,0.49972975124730057,5.168306457946107e-06,1.0056153699113837
1.02,0.5058708023293933,0.49974524959028643,5.157792768564935e-06,1.0056212097124484
1.025,0.5057732931816117,0.49984987195748404,5.147961591863915e-06,1.0056283131006876
1.03,0.5055597176358131,0.5000704283441092,5.138643378920745e-06,1.0056352846233012
1.035,0.5052200995835257,0.5004147309990957,5.129488798508377e-06,1.00563996007142
1.04,0.5047765051563169,0.5008580347500421,5.119956896307999e-06,1.005639659863255
1.045,0.5042944849188252,0.501332144887405,5.1093540799975834e-06,1.0056317391603102
1.05,0.5038872908030018,0.5017220240987919,5.096940938017032e-06,1.0056144118427317
1.055,0.5037078012102217,0.5018748424567908,5.082112127508488e-06,1.0055877257791401
1.06,0.5039243939046971,0.5016250000737087,5.064635073364303e-06,1.005554458613479
1.065,0.5046801511796586,0.5008354225046014,5.044908239026399e-06,1.005520618592499
1.07,0.5060396288964486,0.4994505597128035,5.0241743281451376e-06,1.0054952127835803
1.075,0.5079332084646616,0.4975508079806183,5.0046055745885e-06,1.0054890210508545
1.08,0.5101143604558829,0.49539295732047145,4.989176196664582e-06,1.005512306952551
1.085,0.5121480858800527,0.49341862692703237,4.981259100922561e-06,1.005571694066186
1.09,0.5134474157961284,0.49221438652974014,4.983934103662437e-06,1.0056667862599722
1.095,0.5133677530673278,0.49241467062613814,4.999070527961498e-06,1.005787422763994
1.1,0.5113558891170488,0.49455170412203153,5.026336399858801e-06,1.00591261957548
1.105,0.5071333725066154,0.498873713914894,5.062369086263124e-06,1.0060121487905958
1.11,0.5008761524902432,0.5051700278426153,5.100391437299171e-06,1.0060512807242956
1.115,0.4933392230496238,0.5126541205260131,5.130546287787978e-06,1.0059984741219248
1.12,0.4858719828340027,0.5199577414366142,5.141131160857076e-06,1.0058348654017777
1.125,0.48028170757769095,0.5252766701872029,5.120741081296787e-06,1.0055634985059752
1.1300000000000001,0.47853047822020167,0.5266800982935378,5.06109034918548e-06,1.0052156376040886
1.135,0.4822922924308643,0.5225542435212767,4.960028647671398e-06,1.0048514959807886
1.1400000000000001,0.4924441242973137,0.5121045329441434,4.824057672022918e-06,1.004553481299129
1.145,0.5086054774712457,0.4958014560724396,4.669563806888887e-06,1.0044116031074923
1.1500000000000001,0.5288618512698677,0.4756364059306264,4.522071392025984e-06,1.0045027792718861
1.155,0.5497967486977708,0.45506678753239904,4.41311892107988e-06,1.004867949349091
1.16,0.5669086182159538,0.4385795470006194,4.374846604982423e-06,1.0054925400631782
1.165,0.575407003345812,0.4308848797270115,4.432979960505331e-06,1.0062963160527838
1.17,0.5712804940310724,0.4358524675432847,4.5994712830840925e-06,1.0071375610456403
1.175,0.5524313891309307,0.45539755214641325,4.86646191406543e-06,1.0078338077392581
1.18,0.5196064021130805,0.48858576904139767,5.203304971952343e-06,1.0081973744594501
1.185,0.4768447658151756,0.5312293063030235,5.558044767693289e-06,1.0080796301629669
1.19,0.43122957219180635,0.5761789092404486,5.863980189441679e-06,1.0074143454124442
1.195,0.3918627346733718,0.6143800682704074,6.050851597026148e-06,1.0062488537953762
1.2,0.3681660918996756,0.6365807207407361,6.0589971958081415e-06,1.0047528716376075
1.205,0.3678007744757093,0.635392262634377,5.853808254230162e-06,1.0031988909183405
1.21,0.39464444664836174,0.6072645666725006,5.437262511920676e-06,1.0019144505833744
1.215,0.4473247358181083,0.5538843321616518,4.853451700180178e-06,1.0012139214314602
1.22,0.518746981768003,0.4825726750488488,4.1859219936729275e-06,1.0013238427388456
1.225,0.5968729819866558,0.40544291394010634,3.5462109258297308e-06,1.002319442137688
1.23,0.6667348506870191,0.3373514899543815,3.0549014259156017e-06,1.0040893955428265
1.235,0.7133634264901036,0.2929745219083687,2.8183982141910666e-06,1.0063407667966866
1.24,0.7250491609315367,0.2835951802492581,2.9059960530705174e-06,1.008647247176848
1.245,0.6962080048158997,0.31432191325075043,3.332258984456281e-06,1.0105332503256348
1.25,0.6291457076011386,0.3824269935448335,4.0490545504378944e-06,1.0115767502005226
1.2550000000000001,0.5342125349182457,0.4772901435429364,4.9498353242998635e-06,1.0115076282965063
1.26,0.4281822725312707,0.5820894785188296,5.8862519688882954e-06,1.0102776373020692
1.2650000000000001,0.3310994671608108,0.6769773151899932,6.694452622998139e-06,1.0080834768034268
1.27,0.26221835012945055,0.7431093292469305,7.226104704035813e-06,1.005334905481085
1.2750000000000001,0.23590800471818266,0.7666574745779621,7.377843395272349e-06,1.00257285713954
1.28,0.25845049631611144,0.7418973170824323,7.112877669872347e-06,1.0003549262762137
1.285,0.32648888221754463,0.6726387535118876,6.469931494295098e-06,0.9991341056609266
1.29,0.42752327646427696,0.5716301312628186,5.5572861569994475e-06,0.9991589650132526
1.295,0.54238811282817,0.458026156434799,4.532855539732729e-06,1.0004188021185088
1.3,0.649184626176006,0.3534585411864008,3.5742506298931117e-06,1.0026467416130367
1.305,0.727802476340359,0.2775746116812443,2.8449721985415086e-06,1.0053799329938018
1.31,0.764027908844116,0.2440320381231004,2.463701847999985e-06,1.0080624106690645
1.315,0.7523365989616538,0.2578271788360912,2.482949552282853e-06,1.0101662607472972
1.32,0.6967814273158274,0.31451863306176714,2.8812331140390293e-06,1.0113029416107087
1.325,0.6098303437138333,0.40146583807293307,3.5700048482678533e-06,1.0112997517916145
1.33,0.5094769301060366,0.5007441980421108,4.413393065328484e-06,1.0102255415412125
1.335,0.41532318761304815,0.5930338936053837,5.2562063591992286e-06,1.0083623374247912
1.34,0.3445334525518176,0.6615929103821402,5.954126438674172e-06,1.0061323170603966
1.345,0.3085404398247644,0.6954525251281466,6.3998819844036936e-06,1.0039993648348955
1.35,0.3111646938535827,0.6911977868824317,6.540408888322466e-06,1.0023690211449026
1.355,0.34845115904734947,0.6530516888462107,6.3822113128278375e-06,1.001509230104873
1.36,0.4101246915464223,0.5913770064403061,5.984787329862943e-06,1.0015076827740583
1.365,0.4822178517388526,0.5200484842627762,5.444455199159968e-06,1.002271780456828
1.37,0.5502065023199253,0.45335558601046194,4.872682467140737e-06,1.0035669610128544
1.375,0.6019408515716531,0.4031356519036995,4.373755516305521e-06,1.0050808772308688
1.3800000000000001,0.6297765376363083,0.37671590504444824,4.026269576467069e-06,1.0064964689503328
1.385,0.6315482072947162,0.37600489508371654,3.871657637697567e-06,1.0075569740360704
1.3900000000000001,0.6103187975096817,0.3977871401438578,3.911182297176034e-06,1.0081098488358367
1.395,0.5731085847397686,0.43501029195480134,4.110935154268498e-06,1.0081229876297242
1.4000000000000001,0.5289997179114632,0.4786695578029401,4.412837043743932e-06,1.007673688551447
1.405,0.48709125808153597,0.5198207479804553,4.748697777368377e-06,1.0069167547597686
1.41,0.45474427237502907,0.5512923874027079,5.054191164596233e-06,1.0060417139689017
1.415,0.43643082957627194,0.5687938020784814,5.280069320992008e-06,1.0052299117240744
1.42,0.4333265389328285,0.5712885268115353,5.398882459262783e-06,1.004620464626823
1.425,0.4436098790648388,0.5606753061878613,5.406617347987677e-06,1.0042905918700482
1.43,0.4632922046939759,0.5409542526426694,5.319749322257515e-06,1.0042517770859674
1.435,0.4873241123126848,0.51713030684127,5.169007667233645e-06,1.004459588161622
1.44,0.5107128427856492,0.49411470316221795,4.991565628745446e-06,1.0048325375134959
1.445,0.5294315136171338,0.47583807591560656,4.823370597403039e-06,1.0052744129033377
1.45,0.5409834078804137,0.46470684887559616,4.693000453926192e-06,1.0056949497564638
1.455,0.5445786837333662,0.46144184806964605,4.61789657965991e-06,1.0060251496995918
1.46,0.5409646431422447,0.46525619190086454,4.6032273755873124e-06,1.0062254382704847
1.465,0.5320089997410589,0.4742730385867675,4.643106226455132e-06,1.0062866814340528
1.47,0.520162057357377,0.4860586879932341,4.723512980384372e-06,1.0062254688635914
1.475,0.507920118438379,0.49815089345457053,4.826087458633826e-06,1.0060758379804082
1.48,0.49738634412152793,0.5084884817775481,4.931970539988836e-06,1.0058797578696161
1.485,0.4899869890444747,0.5156863381813546,5.025022052375832e-06,1.0056783522478818
1.49,0.4863606212754414,0.5191395014287228,5.093985804189679e-06,1.0055052166899685
1.495,0.4864036184925499,0.5189737269582373,5.1334386384842644e-06,1.0053824788894257
1.5,0.4894317160876293,0.5158827593654445,5.143599919322636e-06,1.0053196190529932
1.5050000000000001,0.49440623112639176,0.5109032433160655,5.1292546426851545e-06,1.0053146036971
1.51,0.5001737313405363,0.5051777916921314,5.098140730817358e-06,1.0053566211733986
1.5150000000000001,0.5056766138222207,0.49974795297324426,5.059169668247137e-06,1.0054296259651332
1.52,0.5101058390166531,0.495405100112482,5.020803168337549e-06,1.0055159599323034
1.5250000000000001,0.5129825278866507,0.49261195500410493,4.989818417213633e-06,1.0055994727091728
1.53,0.5141694462017571,0.4914933473324485,4.970584483921739e-06,1.0056677641186895
1.5350000000000001,0.5138245817779072,0.49188383439055056,4.964864694275841e-06,1.005713381033152
1.54,0.5123159870654687,0.49341303208351556,4.9720712168937316e-06,1.0057339912202012
1.545,0.5101195735467422,0.4956071439851719,4.989839342480925e-06,1.0057317073712564
1.55,0.5077200701687243,0.4979867481898549,5.014763624804984e-06,1.005711833122204
1.555,0.5055308709870346,0.5001454299522711,5.043143749957127e-06,1.0056813440830557
1.56,0.5038422660403226,0.5018000652005203,5.071617675983571e-06,1.005647402858519
1.565,0.5028009084357304,0.5028101413083668,5.097603582977162e-06,1.0056161473476803
1.57,0.502417505491416,0.5031692769842168,5.119520273626966e-06,1.0055919019959065
1.575,0.5025954978715699,0.5029762267123026,5.1367988941598894e-06,1.0055768613827667
1.58,0.5031713491848511,0.5023947048076162,5.149730794651456e-06,1.005571203723262
1.585,0.5039570074597903,0.5016113572600058,5.159213821247465e-06,1.0055735239336174
1.59,0.5047767384386309,0.5007995358443271,5.1664623271746495e-06,1.0055814407452852
1.595,0.5054932382794043,0.5000938201370877,5.172737288836765e-06,1.0055922311537806
1.6,0.5060209911812621,0.49957720216542767,5.17913631133756e-06,1.0056033724830011
1.605,0.5063275944391622,0.4992801360295602,5.1864637008569266e-06,1.0056129169324233
1.61,0.5064257641917143,0.49918871383836244,5.195182373480273e-06,1.00561967321245
1.615,0.5063597408397102,0.49925826716020794,5.20543516858066e-06,1.0056232134350869
1.62,0.5061898602545225,0.4994286754790251,5.217114627175898e-06,1.0056237528481748
1.625,0.5059783647318258,0.4996383671308782,5.22995750429096e-06,1.0056219618202082
1.6300000000000001,0.5057784246163429,0.4998350964676791,5.243642116769511e-06,1.0056187647261388
1.635,0.5056271737332397,0.49998273202279103,5.257871392326697e-06,1.005615163627423
1.6400000000000001,0.5055426139447414,0.5000642161455354,5.2724304293048004e-06,1.005612102520706
1.645,0.5055236866759907,0.5000813936241576,5.287213124053864e-06,1.0056103675132724
1.6500000000000001,0.5055526768377857,0.5000525265060706,5.302217228241773e-06,1.0056105055610844
1.655,0.5055993155854188,0.5000081100098217,5.317510977413481e-06,1.0056127431062178
1.6600000000000001,0.5056262992453274,0.49998526431300294,5.333177586867157e-06,1.0056168967359171
1.665,0.5055962190804463,0.5000207197481923,5.349247003634565e-06,1.0056222880756422
1.67,0.5054798983970197,0.5001424344254936,5.365627667720195e-06,1.005627698450181
1.675,0.5052657410536098,0.5003602937346247,5.382054434518406e-06,1.005631416842669
1.68,0.5049689246510521,0.5006571151930007,5.3980712525023155e-06,1.0056314379153053
1.685,0.5046383019351006,0.5009821324269946,5.41306700472472e-06,1.0056258474290998
1.69,0.5043580403918934,0.501249920149621,5.42637814224611e-06,1.0056133869196564
1.695,0.5042407682038692,0.5013479162924608,5.437460776478458e-06,1.0055941219571065
1.7,0.504409733832472,0.5011548820367681,5.4461174089723005e-06,1.0055700619866492
1.705,0.5049695015461757,0.5005705624609545,5.452741177574077e-06,1.0055455167483076
1.71,0.5059679570884746,0.4995535365558375,5.458517660879099e-06,1.0055269521619732
1.715,0.5073564074213366,0.49816028051233163,5.465507590856571e-06,1.0055221534412593
1.72,0.5089583729416726,0.4965747808533859,5.47653133537178e-06,1.0055386303263938
1.725,0.5104599709969673,0.49511593754449684,5.494795198324923e-06,1.0055814033366626
1.73,0.5114341683655972,0.49421086632679023,5.523244667973893e-06,1.0056505579370556
1.735,0.5114065644281058,0.49432705650836106,5.563698920854853e-06,1.0057391846353878
1.74,0.5099615049906054,0.4958653364438941,5.615904291201463e-06,1.0058324573387907
1.745,0.50687520480628,0.49902767808163445,5.676723776761137e-06,1.0059085596116912
1.75,0.5022495704423025,0.5036865843479476,5.739730478205953e-06,1.0059418945207284
1.7550000000000001,0.4966101504176503,0.5092925616368541,5.795469415170967e-06,1.0059085075239196
1.76,0.4909281853595843,0.5148589673458465,5.83257470005284e-06,1.0057929852801308
1.7650000000000001,0.4865335777902785,0.5190559961485139,5.839772005328544e-06,1.0055954137107979
1.77,0.48490434075372235,0.5204263383337142,5.808574965782822e-06,1.0053364876624022
1.7750000000000001,0.4873472653992542,0.5177057699827088,5.7362376534094374e-06,1.0050587716196162
1.78,0.4946191112064797,0.5101978304456284,5.628312906137932e-06,1.0048225699650144
1.7850000000000001,0.5065692905475664,0.4981211181946364,5.500057174691326e-06,1.0046959087993774
1.79,0.5219038098783169,0.4828304380070435,5.375978657603423e-06,1.0047396238640178
1.795,0.5381669632143689,0.4668179301639737,5.287081752905852e-06,1.0049901804600954
1.8,0.5520065648603985,0.4534323527027784,5.265807195660647e-06,1.0054441833703724
1.805,0.5597314422946837,0.446312320207716,5.339238613133441e-06,1.006049101741013
1.81,0.5580954688554528,0.448603186518789,5.52172574216082e-06,1.006704177099984
1.815,0.545166882300655,0.4621009961157113,5.808512486920382e-06,1.0072736869288534
1.82,0.5210856370137431,0.4865201139863338,6.172104999674626e-06,1.0076119231050766
1.825,0.48849506318007463,0.5190943578355275,6.562863406611039e-06,1.0075959838790087
1.83,0.45247054583820373,0.5546821338808259,6.914624071041454e-06,1.0071595943431007
1.835,0.4198587496397394,0.5864536463190716,7.15513723341517e-06,1.0063195510960443
1.84,0.39807268648365024,0.6071068255593569,7.219924909941292e-06,1.005186731967917
1.845,0.3935332017156637,0.610415921853928,7.067092435851028e-06,1.0039561906620276
1.85,0.41006987464950306,0.5927987847229348,6.6899531517937625e-06,1.0028753493255897
1.855,0.4476572928919179,0.5545313740010763,6.12428836108821e-06,1.0021947911813553
1.86,0.5018396270418215,0.5002662172849077,5.447780237665984e-06,1.0021112921069668
1.865,0.5640800279642942,0.43863126143243536,4.770566724000078e-06,1.0027160599634537
1.87,0.6230784139060291,0.38087888606357523,4.217731997191332e-06,1.0039615177016017
1.875,0.6668715630840927,0.33878141819826885,3.906472062224042e-06,1.0056568877544239
1.8800000000000001,0.685318053175333,0.32217475102181325,3.922203294686531e-06,1.0074967264004409
1.885,0.6724343245511349,0.33668009814356054,4.298596219836327e-06,1.0091187212909154
1.8900000000000001,0.6280302609394298,0.38214415597684726,5.006156966562939e-06,1.0101794230732437
1.895,0.5582095496444487,0.4522156856113459,5.952523537731792e-06,1.0104311877793322
1.9000000000000001,0.4745340082405134,0.5352410778613576,6.995340624538799e-06,1.0097820814424954
1.905,0.3919519970692618,0.6163635723014972,7.965901955670998e-06,1.0083235352727147
1.9100000000000001,0.3258874927911078,0.6804214451478083,8.699306703437228e-06,1.0063176372456195
1.915,0.2891032189917317,0.7150331829005186,9.065252945287419e-06,1.0041454671451955
1.92,0.2890296122474647,0.7131888387518832,8.9932074181442e-06,1.002227444206766
1.925,0.3261656225556084,0.6747596484231704,8.486687346079074e-06,1.0009337576661248
1.93,0.393923213581904,0.6065748242411368,7.623579957553389e-06,1.0005056614029983
1.935,0.4799596344411144,0.5210397571792013,6.542329501081893e-06,1.0010059339498167
1.94,0.5687001971130199,0.43360410094043383,5.4167813813671994e-06,1.0023097148348352
1.945,0.6444841183299548,0.3596485101994113,4.424810859002344e-06,1.0041370533402252
1.95,0.6946337715767804,0.3114809360509162,3.717050972220401e-06,1.0061184246786687
1.955,0.7117845094170113,0.2960888994258462,3.39182162558849e-06,1.0078768006644832
1.96,0.6950053158602445,0.31409774629761644,3.4808371297734157e-06,1.0091065429949908
1.965,0.6495373614276558,0.360089834581307,3.947828925070861e-06,1.009631143837888
1.97,0.5853005031714948,0.4241228104754737,4.699460438422934e-06,1.009428013107407
1.975,0.5145857286885436,0.49402595149983425,5.60547384321709e-06,1.008617285662221
1.98,0.44950143594504904,0.5579126015177432,6.5234202732328945e-06,1.0074205608830655
1.985,0.39974427641335736,0.6063506460873402,7.322873666266417e-06,1.006102245374364
1.99,0.371131981165974,0.6337692496146805,7.904708812368465e-06,1.0049091354894668
1.995,0.3651114949050555,0.6389028715667586,8.212563060928375e-06,1.0040225790348751
2.0,0.37920600555386713,0.6243184795622138,8.235549148644358e-06,1.0035327206652296
2.005,0.4081548564954833,0.5952747355584651,8.00314833337371e-06,1.0034375952022818
2.0100000000000002,0.44537938408763944,0.5582762358922994,7.574576722383014e-06,1.003663194556661
2.015,0.4843950901871471,0.5196937640599407,7.025549683751148e-06,1.0040958797967716
2.02,0.519874571008354,0.4847357060846813,6.435250573777138e-06,1.004616712343609
2.025,0.54820992996787,0.45691275579439816,5.8756113565783535e-06,1.0051285613736247
2.0300000000000002,0.5675799789956678,0.43798506244060187,5.40402113498895e-06,1.0055704454574048
2.035,0.5776516666090177,0.42826142480756524,5.059602545959889e-06,1.0059181510191288
2.04,0.5791078284442057,0.4270615941436822,4.862477514833105e-06,1.0061742850654027
2.045,0.5731875520963478,0.4331610656375667,4.815102945975744e-06,1.0063534328368604
2.05,0.5613653595415495,0.44509822483700645,4.904779092508256e-06,1.0064684891576483
2.055,0.5452092930943931,0.46130829969132087,5.1066989196082795e-06,1.0065226994846335
2.06,0.5263777332551106,0.4801261045073127,5.38724707683872e-06,1.0065092250095002
2.065,0.5066656411109391,0.4997457946082991,5.707516973562116e-06,1.0064171432362117
2.07,0.48800457882714676,0.5182300398054601,6.0271010589235205e-06,1.006240645733666
2.075,0.4723534951079568,0.5336275799905629,6.308113874667799e-06,1.0059873832123942
2.08,0.4614726843532983,0.5442033297226939,6.519196143907647e-06,1.005682533272136
2.085,0.4566296237378131,0.5487306057224285,6.639030095958251e-06,1.0053668684903374
2.09,0.4583225734885669,0.5467599968186174,6.6587798837144355e-06,1.005089229087068
2.095,0.4661140201460101,0.538775040728491,6.582925553696711e-06,1.004895643800055
2.1,0.4786404618675397,0.5261714591109473,6.428192279651601e-06,1.0048183491707665
2.105,0.49381716568996903,0.5110445116433054,6.220634294412722e-06,1.0048678979675687
2.11,0.509202224269198,0.4958223198362972,5.9913187493582575e-06,1.0050305354242446
2.115,0.5224402703801602,0.4828254013832476,5.77136165516476e-06,1.005271443125063
2.12,0.5316850818151423,0.4738521471685915,5.5872115268959476e-06,1.0055428161952606
2.125,0.5359069349576828,0.4698821297212654,5.457018148347674e-06,1.0057945216970965
2.13,0.5350215145710961,0.4709576810802974,5.388680863666351e-06,1.0059845843322572
2.1350000000000002,0.5298224889501113,0.47625915356590137,5.379807277615859e-06,1.0060870223232903
2.14,0.5217464841001194,0.4843435464475659,5.4194205142672506e-06,1.0060954499681996
2.145,0.512535005846358,0.49348156625989525,5.4909235923586975e-06,1.0060220630298455
2.15,0.5038748562991043,0.5020123439655225,5.5756325822071684e-06,1.0058927758972092
2.1550000000000002,0.49709456045828354,0.5086398767866877,5.656157435826183e-06,1.005740093402407
2.16,0.4929727090448025,0.5126171867737364,5.71903027835988e-06,1.0055956148488174
2.165,0.4916823873932901,0.5137957337152248,5.756210617252527e-06,1.0054838773191321
2.17,0.492862959542729,0.512549950400524,5.765371190479522e-06,1.0054186753144434
2.1750000000000003,0.495784361589853,0.5096121356877766,5.749121492660907e-06,1.0054022463991223
2.18,0.4995548050091287,0.5058664818961798,5.713507135325411e-06,1.005427000412444
2.185,0.5033217902449689,0.5021515025174086,5.666204943292915e-06,1.0054789589673208
2.19,0.5064265664767338,0.49910966638392756,5.614815381911334e-06,1.0055418476760434
2.195,0.5084893182206395,0.49710596031033116,5.5655570334629425e-06,1.0056008440880042
2.2,0.5094212581625618,0.49621847798270585,5.5225272319745684e-06,1.0056452586724995
2.205,0.5093758813285862,0.49628843726996025,5.487546485166469e-06,1.0056698061450318
2.21,0.5086618732767232,0.4970071658404784,5.46048378710013e-06,1.0056744996009888
2.215,0.507643506436578,0.4980145391791286,5.43988527566348e-06,1.005663485500982
2.22,0.5066515341676439,0.4989863315314155,5.423705983668738e-06,1.0056432894050429
2.225,0.5059205531705847,0.49969499500598497,5.409967488183283e-06,1.0056209581440578
2.23,0.5055599931826931,0.5000371032200642,5.397218637031527e-06,1.0056024936213943
2.235,0.5055575652398787,0.5000288731923187,5.384744435767479e-06,1.005591823176633
2.24,0.5058077638734308,0.49977725269638307,5.372532976244444e-06,1.0055903891027902
2.245,0.5061546403913882,0.4994373012154934,5.3610596641053036e-06,1.005597302666546
2.25,0.5064375229994224,0.4991670427649192,5.350975438160448e-06,1.0056099167397796
2.255,0.5065300682295399,0.49908921951232116,5.342790350424494e-06,1.0056246305322114
2.2600000000000002,0.5063661200281429,0.49926628569811005,5.336629453938148e-06,1.0056377423557068
2.265,0.5059494421253913,0.4996914237403111,5.332110804502176e-06,1.0056461979765068
2.27,0.5053477525490552,0.5002950473492223,5.328362823349172e-06,1.0056481282611007
2.275,0.5046741488131748,0.5009636458436768,5.324167056044417e-06,1.0056431188239077
2.2800000000000002,0.5040607364732573,0.5015661444549229,5.318187768732326e-06,1.005632199115949
2.285,0.5036300236679268,0.5019822430153678,5.309235161378732e-06,1.0056175759184558
2.29,0.5034695044905939,0.5021273652755083,5.29650554648473e-06,1.0056021662716488
2.295,0.5036139715392821,0.5019697568124538,5.279749118211001e-06,1.005589008100854
2.3000000000000003,0.5040386442933205,0.5015367396332363,5.259331914387697e-06,1.005580643258471
2.305,0.5046643573206728,0.5009089826458724,5.236180158652666e-06,1.0055785761467038
2.31,0.5053740169302017,0.5002036804889807,5.211618602586459e-06,1.005582909037785
2.315,0.506037526473065,0.49954952600294733,5.187135784065458e-06,1.0055922396117962
2.32,0.506540648107784,0.49905806235365546,5.164124532320107e-06,1.0056038745859717
2.325,0.5068120850286998,0.49879713634687123,5.143652555669969e-06,1.0056143650281266
2.33,0.5068427064613568,0.4987724739842335,5.126313712261895e-06,1.0056203067593024
2.335,0.5066915309216696,0.49892263723825603,5.112195372309213e-06,1.005619280355298
2.34,0.5064749631044804,0.4991306777478894,5.1009728353918965e-06,1.0056107418252052
2.345,0.5063388045135355,0.49925273692051425,5.0921117797535895e-06,1.0055966335458295
2.35,0.5064164410898493,0.4991599576435949,5.0851296951804465e-06,1.0055814838631392
2.355,0.5067807749318132,0.4987859641993964,5.079843873325797e-06,1.0055718189750829
2.36,0.5074010509097134,0.49816870266422414,5.076523629134559e-06,1.0055748300975669
2.365,0.5081176814207141,0.4974736584996834,5.075873550370022e-06,1.0055964157939479
2.37,0.508647447557087,0.4969864014352082,5.07880533529423e-06,1.0056389277976305
2.375,0.5086273005833186,0.49706675621459684,5.086006317481776e-06,1.0056991428042328
2.38,0.5076972824222612,0.498064722380118,5.097375736531173e-06,1.0057671021781158
2.3850000000000002,0.5056126336931015,0.5002086988621457,5.111462372277668e-06,1.0058264440176194
2.39,0.5023638378367096,0.5034876889969021,5.12508250766255e-06,1.0058566519161194
2.395,0.49827397727802614,0.50755814322796,5.1333076220702355e-06,1.0058372538136082
2.4,0.49403864315536594,0.5117096954451624,5.129972623284755e-06,1.0057534685731517
2.4050000000000002,0.49067771053756354,0.5149194040489293,5.108762334013664e-06,1.0056022233488269
2.41,0.4893822103435614,0.5160097308957974,5.064793960329183e-06,1.005397006033319
2.415,0.4912626635081135,0.5139021863254628,4.996449294957808e-06,1.0051698462828713
2.42,0.49703408780158925,0.5079299835614688,4.907059300679466e-06,1.0049689784223588
2.4250000000000003,0.5067011522957944,0.49814553127532635,4.8059504740495725e-06,1.0048514895215948
2.43,0.5193265241974736,0.4855401957742899,4.708370153293494e-06,1.004871428341917
2.435,0.532968213470177,0.4720923850781981,4.633945404210401e-06,1.0050652324937794
2.44,0.5448519452124716,0.4605810365258411,4.6035992232016935e-06,1.005437585337536
2.445,0.551801316544685,0.454145595530922,4.635215343529167e-06,1.0059515472909506
2.45,0.5508871609922623,0.45563477063919194,4.7387398114007725e-06,1.0065266703712656
2.455,0.5401901616168834,0.4668525404833159,4.911737826856877e-06,1.0070476138380262
2.46,0.5195141825978681,0.48786428564656453,5.136584593373165e-06,1.0073836048290261
2.465,0.490860122286671,0.516550800585863,5.380374180810657e-06,1.007416303246715
2.47,0.4584857894756623,0.5485794809400869,5.5982420585133205e-06,1.0070708686578078
2.475,0.42844222155361983,0.577895095905247,5.740144200691938e-06,1.0063430576030674
2.48,0.4075846300246637,0.5977243219112075,5.7603233689553945e-06,1.0053147122592403
2.485,0.40218731069420627,0.6019585302019048,5.627890695979203e-06,1.004151468786807
2.49,0.4164165385432687,0.5866580176211184,5.336360710461211e-06,1.0030798925250974
2.495,0.4509996645826439,0.5513414036099148,4.909789816074508e-06,1.0023459779823747
2.4995,0.4967286347182824,0.5054180993110265,4.4555721879683765e-06,1.0021511896014967
