x,p_initial,p_final
0.0,0.0,-1.5302753498361318e-05
0.05,3.2840518302418e-18,-2.8883865992117705e-06
0.1,9.687481594849843e-18,6.291646723815787e-06
0.15000000000000002,2.0961004420861508e-17,1.202431035006032e-05
0.2,3.931572599344318e-17,1.4395999298753641e-05
0.25,6.713885708307189e-17,1.3799968843763259e-05
0.30000000000000004,1.0620045002666422e-16,1.092783818968964e-05
0.35000000000000003,1.5592310810911945e-16,6.743808398393578e-06
0.4,2.1003700568542386e-16,2.440596838673827e-06
0.45,2.505956442327083e-16,-6.23086781006355e-07
0.5,2.378725114719212e-16,-1.0025782278763573e-06
0.55,9.410323879431647e-17,2.7376655595836986e-06
0.6000000000000001,-3.215721294408988e-16,1.1918151119118868e-05
0.65,-1.2501645207170668e-15,2.763355282455522e-05
0.7000000000000001,-3.085363747037444e-15,5.064462084949718e-05
0.75,-6.444640946305643e-15,8.128154650475399e-05
0.8,-1.2260412190277243e-14,0.00011936802902410838
0.8500000000000001,-2.1889019454180976e-14,0.00016417508555367972
0.9,-3.7228239843395236e-14,0.00021441210516136113
0.9500000000000001,-6.082214488166098e-14,0.0002682607522708498
1.0,-9.591363234893435e-14,0.00032345360216761663
1.05,-1.463780974244146e-13,0.00037739615979364685
1.1,-2.1643529643863067e-13,0.00042732604552155105
1.1500000000000001,-3.0999075085233975e-13,0.0004704995183777825
1.2000000000000002,-4.2940624721087384e-13,0.0005043915799216163
1.25,-5.734494456602089e-13,0.0005268932171558206
1.3,-7.341418191487854e-13,0.0005364885239627584
1.35,-8.922407288056798e-13,0.0005323940989876877
1.4000000000000001,-1.0112008795125627e-12,0.000514646270560918
1.4500000000000002,-1.029730169885315e-12,0.00048412476854304014
1.5,-8.535792004198366e-13,0.00044250743887273847
1.55,-3.481059843197481e-13,0.00039215684975253966
1.6,6.654108451371152e-13,0.00033594603200414244
1.6500000000000001,2.4046055591918758e-12,0.00027703765587550256
1.7000000000000002,5.103901475506463e-12,0.00021863550569270032
1.75,8.963330457644227e-12,0.00016373122152584237
1.8,1.4051178762564936e-11,0.00011487041355347993
1.85,2.0137465271836017e-11,7.396087533162227e-05
1.9000000000000001,2.6428996106691195e-11,4.214229924602245e-05
1.9500000000000002,3.117102839789676e-11,1.973057960433729e-05
2.0,3.10769864693701e-11,6.242434366386305e-06
2.0500000000000003,2.0548587779194513e-11,4.976221016131555e-07
2.1,-9.342510027939216e-12,7.875732116728994e-07
2.15,-7.211948892372661e-11,5.092071625870695e-06
2.2,-1.8738115035075943e-10,1.1320128299896992e-05
2.25,-3.8240668883774007e-10,1.754844255854931e-05
2.3000000000000003,-6.937021425082738e-10,2.223099405382572e-05
2.35,-1.1681831692811588e-09,2.4356540787343392e-05
2.4000000000000004,-1.8635325142098703e-09,2.3536774771269713e-05
2.45,-2.8470866027033165e-09,2.001581978510346e-05
2.5,-4.192409227318802e-09,1.4601006373413092e-05
2.5500000000000003,-5.9725298748591686e-09,8.524091684087926e-06
2.6,-8.248706112297716e-09,3.2502859875930104e-06
2.6500000000000004,-1.1053581326957626e-08,2.587510934961837e-07
2.7,-1.4367842633692398e-08,8.216467936582456e-07
2.75,-1.8090054276010962e-08,5.809041777015373e-06
2.8000000000000003,-2.2000383917798134e-08,1.554402198780044e-05
2.85,-2.572059586506238e-08,2.972635441807228e-05
2.9000000000000004,-2.867508902399333e-08,4.743494422938906e-05
2.95,-3.006100158564402e-08,6.72099276437271e-05
3.0,-2.883950346401489e-08,8.720567865313438e-05
3.0500000000000003,-2.376523697074745e-08,0.00010539755334624747
3.1,-1.3476144808112634e-08,0.00011981870704315303
3.1500000000000004,3.328906652716513e-09,0.0001287995526834241
3.2,2.7593092960686763e-08,0.00013118198034781531
3.25,5.945151361521742e-08,0.00012648322593613673
3.3000000000000003,9.759594427290079e-08,0.00011498983856122158
3.35,1.3842954296384444e-07,9.77700400747791e-05
3.4000000000000004,1.7500121388930712e-07,7.660192301398434e-05
3.45,1.957333739924627e-07,5.3824199149242844e-05
3.5,1.8299188568791374e-07,3.212462005483599e-05
3.5500000000000003,1.1159365785780416e-07,1.4287866964338428e-05
3.6,-5.259471949622544e-08,2.9288477741114938e-06
3.6500000000000004,-3.537474798304309e-07,2.3854228562214395e-07
3.7,-8.465694824637199e-07,7.767825585418897e-06
3.75,-1.595829968155361e-06,2.6270338581685645e-05
3.8000000000000003,-2.6745352989572424e-06,5.5618993196353335e-05
3.85,-4.160316573704181e-06,9.48029118735273e-05
3.9000000000000004,-6.129636625399322e-06,0.0001420034236946394
3.95,-8.649515988747562e-06,0.00019474003454074412
4.0,-1.1766657150640301e-05,0.00025007083568975483
4.05,-1.5494125625768083e-05,0.0003048272500705998
4.1000000000000005,-1.9796133173139442e-05,0.00035586071531118246
4.15,-2.457195996028165e-05,0.00040027894696983523
4.2,-2.9640630782257482e-05,0.00043565164645604734
4.25,-3.472858871167119e-05,0.00046016955213747313
4.3,-3.946322922852377e-05,0.000472746048151099
4.3500000000000005,-4.3375687749635403e-05,0.0004730565032160962
4.4,-4.591661151943385e-05,0.0004615164541935401
4.45,-4.6488675534645786e-05,0.00043920508793857566
4.5,-4.449919803124302e-05,0.0004077447439333748
4.55,-3.9435258289786326e-05,0.00036915004393315166
4.6000000000000005,-3.096212785336864e-05,0.0003256616061716711
4.65,-1.904355168957171e-05,0.00027957914386946025
4.7,-4.079482544339446e-06,0.00023310725678466472
4.75,1.2946607312815108e-05,0.00018822469231448584
4.800000000000001,3.032251983164861e-05,0.000146584641318872
4.8500000000000005,4.5479718120622046e-05,0.00010945012885656778
4.9,5.4902158222115664e-05,7.766512775899972e-05
4.95,5.4092812740347844e-05,5.1658975912209015e-05
5.0,3.7619980245672434e-05,3.147924979774346e-05
5.050000000000001,-7.358047519413403e-07,1.684657849533577e-05
5.1000000000000005,-6.7717356116705e-05,7.224021190864651e-06
5.15,-0.000170198898699247,1.893539128928403e-06
5.2,-0.00031466656860239044,3.266298743668537e-08
5.25,-0.000506584155064878,7.855343768251807e-07
5.300000000000001,-0.0007496719973798932,3.3239066159782977e-06
5.3500000000000005,-0.001045143298986027,6.895243521110834e-06
5.4,-0.001390958270952891,1.0856590064054595e-05
5.45,-0.0017811706794575947,1.4694269662891474e-05
5.5,-0.0022054515253007974,1.8030592054024417e-05
5.550000000000001,-0.002648878651018192,2.0619576859690726e-05
5.6000000000000005,-0.003092077145384925,2.233419417984994e-05
5.65,-0.00351178201683026,2.3147811691094746e-05
5.7,-0.0038818709522373575,2.3112460495891573e-05
5.75,-0.004174881221258292,2.2336248670480587e-05
5.800000000000001,-0.004363982211484311,2.0961828962660337e-05
5.8500000000000005,-0.004425326192539267,1.9147331779207987e-05
5.9,-0.004340648409523516,1.7050665920543888e-05
5.95,-0.004099938225315905,1.4817615644093372e-05
6.0,-0.0037039611959235174,1.2573758149785039e-05
6.050000000000001,-0.003166383338380765,1.041991101359137e-05
6.1000000000000005,-0.002515238758817735,8.430602032728056e-06
6.15,-0.0017934945842970347,6.654931173962157e-06
6.2,-0.0010585054893374908,5.1191545867512744e-06
6.25,-0.00038021452941865565,3.8303476268705925e-06
6.300000000000001,0.00016195462295276686,2.7805789031879845e-06
6.3500000000000005,0.0004834615122582563,1.95113193050912e-06
6.4,0.0005000974124011148,1.3164283174227155e-06
6.45,0.00013422673293789092,8.474228053367425e-07
6.5,-0.00067858092366219,5.143457707328293e-07
6.550000000000001,-0.0019830187984392184,2.887565170790013e-07
6.6000000000000005,-0.003798157013622007,1.449376699884496e-07
6.65,-0.006112760878102935,6.070687391386267e-08
6.7,-0.008882334962167494,1.7748459811699635e-08
6.75,-0.01202832640641251,1.577852111953798e-09
6.800000000000001,-0.015439784337200694,1.2489321454015433e-09
6.8500000000000005,-0.01897759492773445,8.903230307545988e-09
6.9,-0.022481206195520083,1.9243258717065266e-08
6.95,-0.025777539663044757,2.8993550682121003e-08
7.0,-0.028691576760679318,3.6394390575767853e-08
7.050000000000001,-0.03105792644150774,4.075643330835058e-08
7.1000000000000005,-0.03273254593748443,4.2090402710364424e-08
7.15,-0.0336037148314683,4.0815241535005146e-08
7.2,-0.03360136461138772,3.7540454915293814e-08
7.25,-0.03270394617260613,3.2913641865273286e-08
7.300000000000001,-0.030942173642437214,2.7521870396399658e-08
7.3500000000000005,-0.028399204305812706,2.1835077592086894e-08
7.4,-0.025207084411439422,1.6180525973246903e-08
7.45,-0.021539586902686574,1.0739037555868433e-08
7.5,-0.017601863877955492,5.555854336654474e-09
7.550000000000001,-0.013617607064752695,5.612223670943339e-10
7.6000000000000005,-0.009814628629556366,-4.402071310352711e-09
7.65,-0.006409921237249607,-9.54514128406715e-09
7.7,-0.0035953157511751785,-1.509295620427158e-08
7.75,-0.0015248205725297435,-2.1236495088864206e-08
7.800000000000001,-0.00030460030601476065,-2.8075670151458213e-08
7.8500000000000005,1.3656226811692946e-05,-3.555231177227211e-08
7.9,-0.0005645005849521588,-4.3374289540676864e-08
7.95,-0.001977555625540716,-5.09348555748808e-08
8.0,-0.004113189516259429,-5.723570543678886e-08
8.05,-0.006816868863910555,-6.082814387330882e-08
8.1,-0.009903149356423863,-5.979405212800992e-08
8.15,-0.013168779565733407,-5.179677609031594e-08
8.200000000000001,-0.016406579154136354,-3.424094231947421e-08
8.25,-0.019419039695289513,-4.588472096809792e-09
8.3,-0.02203065878274374,3.9115916058892484e-08
8.35,-0.02409815974660357,9.745483513147107e-08
8.4,-0.025517954477964327,1.6853468216079163e-07
8.450000000000001,-0.026230454804804435,2.4653498998751777e-07
8.5,-0.02622110490879706,3.1990674466940316e-07
8.55,-0.025518269260117462,3.6926186171563605e-07
8.6,-0.024188345146277268,3.6506092416996275e-07
8.65,-0.022328657595351672,2.652904828973452e-07
8.700000000000001,-0.020058824216255933,1.3422648061509204e-08
8.75,-0.01751134131637867,-4.6293721314434007e-07
8.8,-0.014822140180987233,-1.2521941180383516e-06
8.85,-0.01212179919105169,-2.457076605968758e-06
8.9,-0.009527984106462177,-4.190430146452884e-06
8.950000000000001,-0.007139539534296698,-6.567793479441583e-06
9.0,-0.00503248546685606,-9.69614065315319e-06
9.05,-0.003258000194186997,-1.3658369909450895e-05
9.1,-0.0018423099445975656,-1.8493464731671627e-05
9.15,-0.0007882687668589168,-2.4172762322507296e-05
9.200000000000001,-7.83084311316173e-05,-3.057344709424969e-05
9.25,0.0003216274717475787,-3.745122798286861e-05
9.3,0.00045757745881213344,-4.4415118621063067e-05
9.35,0.0003828861199432102,-5.0908246784194264e-05
9.4,0.000153718802031249,-5.619956702816474e-05
9.450000000000001,-0.00017493715578819748,-5.939209621852538e-05
9.5,-0.0005525684989702186,-5.9453664060949345e-05
9.55,-0.0009355990227280642,-5.527597940941113e-05
9.600000000000001,-0.0012889726019987434,-4.5766866548131924e-05
9.65,-0.0015868841724918,-2.997865528823755e-05
9.700000000000001,-0.0018127473795008576,-7.272798751147223e-06
9.75,-0.0019585315606882015,2.2483186747598923e-05
9.8,-0.0020236267611643466,5.8695324762999635e-05
9.850000000000001,-0.0020134043130253373,9.98138909505754e-05
9.9,-0.0019376342755338262,0.00014311583650023814
9.950000000000001,-0.001808902836880435,0.00018452531442998324
10.0,-0.0016411462642541743,0.0002185035046647768
10.05,-0.001448386898046207,0.0002380418953655151
10.100000000000001,-0.0012437244981020011,0.00023479338857850394
10.15,-0.0010386059066453692,0.00019937219243794222
10.200000000000001,-0.0008423697229832238,0.00012184573322125714
10.25,-0.0006620419321665903,-7.570649688055308e-06
10.3,-0.0005023438655579989,-0.00019762267336797604
10.350000000000001,-0.0003658654842275065,-0.00045495760680001857
10.4,-0.00025335420721862893,-0.0007829486168423155
10.450000000000001,-0.0001640714114665275,-0.0011804809996252344
10.5,-9.617414518520841e-05,-0.0016408028802415806
10.55,-4.708729338824782e-05,-0.0021505634545685394
10.600000000000001,-1.3840247171534935e-05,-0.00268917511184393
10.65,6.648950718452638e-06,-0.0032286386646865326
10.700000000000001,1.7350774261004518e-05,-0.003733960652864189
10.75,2.0964482886610568e-05,-0.00416426628349743
10.8,1.9817818301719324e-05,-0.00447467020424621
10.850000000000001,1.5818643346858727e-05,-0.00461891068040826
10.9,1.0448795907885317e-05,-0.004552683335794188
10.950000000000001,4.789566966352336e-06,-0.004237532760754523
11.0,-4.315466720153465e-07,-0.003645080096617151
11.05,-4.782120863887495e-06,-0.0027612897325811486
11.100000000000001,-8.061872695701392e-06,-0.001590416963748464
11.15,-1.0241494718762166e-05,-0.00015823948466965143
11.200000000000001,-1.1407429658216369e-05,0.0014858331804787597
11.25,-1.171510446091937e-05,0.003268150605684291
11.3,-1.1351736983991282e-05,0.005092023548943907
11.350000000000001,-1.0508727421640142e-05,0.006840940574578225
11.4,-9.362861027846774e-06,0.008383859240077077
11.450000000000001,-8.065058100774945e-06,0.009582460834495344
11.5,-6.735169688464851e-06,0.01030007117064784
11.55,-5.461279978846417e-06,0.010411763561610951
11.600000000000001,-4.302082808897991e-06,0.009814991562185295
11.65,-3.29109735572799e-06,0.00843996664358871
11.700000000000001,-2.4417313685370436e-06,0.006258916803728641
11.75,-1.7524532811007234e-06,0.00329335018923321
11.8,-1.2115713283687208e-06,-0.0003814878101030616
11.850000000000001,-8.013220191571439e-07,-0.004635632181306431
11.9,-5.011338036829742e-07,-0.009287341216561081
11.950000000000001,-2.9005275696364553e-07,-0.014110135923417734
12.0,-1.4839838813017486e-07,-0.018843785448086466
12.05,-5.876493885547466e-08,-0.02320874969738843
12.100000000000001,-6.503787989887205e-09,-0.02692326469325804
12.15,2.0176886798053647e-08,-0.02972197391183496
12.200000000000001,3.0371498629319276e-08,-0.03137479894035179
12.25,3.0791555952442706e-08,-0.03170462953774585
12.3,2.6153949268946365e-08,-0.030602413482132104
12.350000000000001,1.958395719467054e-08,-0.028038347707669685
12.4,1.2993813114098086e-08,-0.024068110541077502
12.450000000000001,7.4141352690091435e-09,-0.018833415524774383
12.5,3.2681951424213647e-09,-0.01255658520943046
12.55,5.880412462203244e-10,-0.005529304888985934
12.600000000000001,-8.226234560020449e-10,0.0019038174736808924
12.65,-1.2705760789876962e-09,0.009365828842585662
12.700000000000001,-1.0905519158646679e-09,0.016470735073087217
12.75,-5.882792643082258e-10,0.022847873535079246
12.8,-0.0,0.028165582422176896
12.850000000000001,5.393974504986211e-10,0.03215242513808377
12.9,1.0260471755665959e-09,0.03461440243669279
12.950000000000001,1.6193700171205614e-09,0.03544688935423784
13.0,2.679939858688488e-09,0.03464044263216218
13.05,4.8139308836781065e-09,0.0322801019804105
13.100000000000001,8.922737377459608e-09,0.028538313690772605
13.15,1.6253491419121274e-08,0.023662094079522418
13.200000000000001,2.8442782835628283e-08,0.017955481258106493
13.25,4.754192955675866e-08,0.011758660893905901
13.3,7.600782672548085e-08,0.005425368164257662
13.350000000000001,1.1663910237216168e-07,-0.0006997512789187898
13.4,1.7243367481804012e-07,-0.006302196530382152
13.450000000000001,2.4634179813732895e-07,-0.01111564489239792
13.5,3.4088957504881697e-07,-0.014935820404275055
13.55,4.576532840868413e-07,-0.01762942726913923
13.600000000000001,5.965764883927549e-07,-0.019137793913420974
13.65,7.551415842082336e-07,-0.019475294833509054
13.700000000000001,9.27436803056901e-07,-0.01872300842354954
13.75,1.1031997134668117e-06,-0.017018398502219877
13.8,1.2669689454087053e-06,-0.014542051486621018
13.850000000000001,1.397535582550815e-06,-0.011502645421578113
13.9,1.4679507083676956e-06,-0.008121366533335655
13.950000000000001,1.4464095951852821e-06,-0.004616928404712749
14.0,1.2983866439885337e-06,-0.0011922014689116135
14.05,9.904259960799495e-07,0.001976753949585439
14.100000000000001,4.959855770881271e-07,0.004748715403315109
14.15,-1.9632983607001622e-07,0.007022126377502041
14.200000000000001,-1.071945465991945e-06,0.008736732061337711
14.25,-2.076924517477904e-06,0.009872269387670479
14.3,-3.102348920015506e-06,0.010444651277075763
14.350000000000001,-3.967234824497285e-06,0.010500221548523217
14.4,-4.401254471379423e-06,0.010108731712246346
14.450000000000001,-4.0291079125485385e-06,0.009355704885812008
14.5,-2.3589757439482707e-06,0.008334811602562215
14.55,1.2219800285178477e-06,0.007140797541835476
14.600000000000001,7.441703649040771e-06,0.005863387009934963
14.65,1.7123406952760395e-05,0.004582452229017379
14.700000000000001,3.1148497384424724e-05,0.003364600712359795
14.75,5.039964587920114e-05,0.002261203263649878
14.8,7.568261642573826e-05,0.0013077730735739218
14.850000000000001,0.00010762735686889051,0.0005245186916010554
14.9,0.00014657136206955402,-8.216610884386954e-05
14.950000000000001,0.00019243139441526695,-0.0005175437943814217
15.0,0.00024457311783137974,-0.0007959788079389014
15.05,0.0003016918003329039,-0.0009382427106680595
15.100000000000001,0.00036172059162422834,-0.0009688988234022458
15.15,0.0004217855176373778,-0.0009139401027331052
15.200000000000001,0.0004782277189462032,-0.0007988021884091554
15.25,0.0005267130398076375,-0.0006468216391524365
15.3,0.0005624463349150446,-0.0004781617038928035
15.350000000000001,0.0005805024027488638,-0.000309187749080872
15.4,0.0005762770758155686,-0.00015224362302883015
15.450000000000001,0.0005460507754435249,-1.575953276151994e-05
15.5,0.00048764319613885186,9.538884980315101e-05
15.55,0.00040112253910115425,0.0001793524420696647
15.600000000000001,0.00028951708681138554,0.000236689351399605
15.65,0.00015946248753069103,0.00026972122224427924
15.700000000000001,2.1706762827877215e-05,0.00028191914047234247
15.75,-0.00010861124519982329,0.0002773581500734607
15.8,-0.00021199358468761476,0.00026026487334857154
15.850000000000001,-0.00026499937640456537,0.0002346695483410166
15.9,-0.00024110084616799766,0.0002041628096060623
15.950000000000001,-0.00011200575813834951,0.00017174916523003995
16.0,0.0001505651404979893,0.00013978345784879502
16.05,0.0005727021726827815,0.00010997347071343146
16.1,0.001175837975955943,8.343089641277275e-05
16.150000000000002,0.0019741406889084265,6.075366228205561e-05
16.2,0.0029719677424903165,4.212460008568573e-05
16.25,0.00416161223666943,2.741417289232766e-05
16.3,0.0055215912438367955,1.627800176702763e-05
16.35,0.007015722114661232,8.242924711640224e-06
16.400000000000002,0.008593205626329113,2.7780198953655987e-06
16.45,0.010189882183817486,-6.507228759305133e-07
16.5,0.011730750234846514,-2.541668740774157e-06
16.55,0.013133738241582581,-3.3331276839142823e-06
16.6,0.01431460932820246,-3.3909373795286034e-06
16.650000000000002,0.015192759891665344,-3.0054027270555665e-06
16.7,0.015697560677152746,-2.3949680862686056e-06
16.75,0.01577479271724868,-1.71423411032602e-06
16.8,0.01539266263743033,-1.064303003040506e-06
16.85,0.014546852314975026,-5.038696826729156e-07
16.900000000000002,0.013264074331867754,-5.991385733629032e-08
16.95,0.011603670977239184,2.6275133181090313e-07
17.0,0.009656910093896,4.7347950799065775e-07
17.05,0.007543790224394141,5.894796787489867e-07
17.1,0.005407359784019474,6.311411053673121e-07
17.150000000000002,0.003405765544392802,6.188182527451349e-07
17.2,0.0017024565247606258,5.708327170642475e-07
17.25,0.0004551607917337945,5.024265140750855e-07
17.3,-0.00019559477000192016,4.254102806382386e-07
17.35,-0.00013755512830284717,3.4827925260674636e-07
17.400000000000002,0.0007034958247537643,2.766097154295128e-07
17.45,0.0023561169630571645,2.1359160673719392e-07
17.5,0.004798459975069423,1.6059391987495058e-07
17.55,0.007956912113926727,1.1769533444550269e-07
17.6,0.011708405130502735,8.414151632259581e-08
17.650000000000002,0.0158863775154341,5.871243246847193e-08
17.7,0.02029007975189672,3.999828443425319e-08
17.75,0.024696630272228553,2.6592229298532214e-08
17.8,0.028874989205720455,1.7213093816239587e-08
17.85,0.03260084069651054,1.0772976533427292e-08
17.900000000000002,0.035671280005221885,6.404044544631493e-09
17.95,0.03791819892683003,3.456857824545193e-09
18.0,0.03921935395217864,1.4798855819846316e-09
18.05,0.03950627901901987,1.870148551326855e-10
18.1,0.03876845343938152,-5.828704611904429e-10
18.150000000000002,0.03705343373947444,-9.125272625941358e-10
18.2,0.034462979204962205,-8.59370085328551e-10
18.25,0.03114551639124488,-5.163280151808223e-10
18.3,0.027285570025526246,-8.265377815388463e-11
18.35,0.023091012347784084,5.3268632440120734e-11
18.400000000000002,0.018779131517657668,-7.820708230838859e-10
18.45,0.014562581180983391,-3.6559561570657006e-09
18.5,0.010636244874370324,-1.014757450994033e-08
18.55,0.0071659362088526985,-2.2468903478824767e-08
18.6,0.004279671790578315,-4.3577263589904266e-08
18.650000000000002,0.00206201766445454,-7.72634836798381e-08
18.7,0.0005517446689757243,-1.2819448567975424e-07
18.75,-0.00025724203578602223,-2.018843896229158e-07
18.8,-0.0004119852405796409,-3.045648120539278e-07
18.85,5.932464412842542e-06,-4.4292393612546266e-07
18.900000000000002,0.0008886328168008156,-6.236863807805755e-07
18.95,0.0021112756645411744,-8.53013161504097e-07
19.0,0.0035417121438134826,-1.1357142905226553e-06
19.05,0.005049727755614785,-1.4742866867648415e-06
19.1,0.006515242504931791,-1.8678173801300338e-06
19.150000000000002,0.00783497471858255,-2.310826006185388e-06
19.200000000000003,0.008927241593190659,-2.7921597122420703e-06
19.25,0.009734746156496691,-3.2940949399959137e-06
19.3,0.0102253710557276,-3.7918397901999967e-06
19.35,0.010391150451457977,-4.253662087041198e-06
19.400000000000002,0.010245711557016188,-4.6418849549366954e-06
19.450000000000003,0.009820560179793393,-4.914986125001495e-06
19.5,0.009160627261383652,-5.031001803294346e-06
19.55,0.008319497051537667,-4.952364333391712e-06
19.6,0.007354706698438947,-4.65219094031712e-06
19.650000000000002,0.006323448721670632,-4.121888033691711e-06
19.700000000000003,0.005278930627917682,-3.3797462421154856e-06
19.75,0.004267558955669944,-2.4799858440347015e-06
19.8,0.003327027044135577,-1.5214873644761416e-06
19.85,0.002485304428146688,-6.552310415704108e-07
19.900000000000002,0.0017604568963308508,-8.930032367606964e-08
19.950000000000003,0.0011611738542113158,-9.021067326896037e-08
20.0,0.0006878455853719111,-9.793383400086641e-07
20.05,0.00033401725830492,-3.123373533548912e-06
20.1,8.804742191616426e-05,-6.9180295853553385e-06
20.150000000000002,-6.518659841112974e-05,-1.2764712325738061e-05
20.200000000000003,-0.00014266915898904822,-2.104048270059147e-05
20.25,-0.0001618142596064448,-3.206240050374583e-05
20.3,-0.00013928904688998187,-4.6048165483178095e-05
20.35,-9.012809310053384e-05,-6.307579991082986e-05
20.400000000000002,-2.7144322047409085e-05,-8.304585214812465e-05
20.450000000000003,3.938163022475989e-05,-0.0001056501411732064
20.5,0.00010176962136155643,-0.00013035130405352122
20.55,0.00015481301120069148,-0.0001563772600634591
20.6,0.00019550876362484408,-0.00018273409986859323
20.650000000000002,0.00022269665603290555,-0.00020823981781046283
20.700000000000003,0.00023665515074308607,-0.00023157975162830133
20.75,0.00023869411849282226,-0.00025138265618232806
20.8,0.00023077560029061055,-0.00026631415424963734
20.85,0.00021518428562081578,-0.0002751820704988732
20.900000000000002,0.0001942603013562729,-0.00027704609742129984
20.950000000000003,0.00017019892842920674,-0.0002713226176874949
21.0,0.00014491541895487293,-0.0002578745628024529
21.05,0.00011996836508054902,-0.00023707613261762686
21.1,9.653206288220681e-05,-0.00020984317584955465
21.150000000000002,7.540685910551741e-05,-0.0001776220852357748
21.200000000000003,5.70563041178e-05,-0.00014233312487235415
21.25,4.1660748271333964e-05,-0.00010626798959674041
21.3,2.9178488605794426e-05,-7.194578377761463e-05
21.35,1.9407399111049537e-05,-4.193608624308667e-05
21.400000000000002,1.2041906564942059e-05,-1.8661865974922894e-05
21.450000000000003,6.722008650733248e-06,-4.198247424986613e-06
21.5,3.072635983715814e-06,-8.505438258393856e-08
21.55,7.329567522550601e-07,-7.171337079916594e-06
21.6,-6.238166933045794e-07,-2.5508504935909223e-05
21.650000000000002,-1.2789256672222352e-06,-5.4305246459343645e-05
21.700000000000003,-1.4633285674833056e-06,-9.195234161468245e-05
21.75,-1.358081798261476e-06,-0.00013611917475662747
21.8,-1.0982571556698593e-06,-0.00018391680495310613
21.85,-7.789995026847677e-07,-0.0002321155551212139
21.900000000000002,-4.625791129616904e-07,-0.0002773990400536564
21.950000000000003,-1.8556666278061725e-07,-0.0003166320929150736
22.0,3.447639028976757e-08,-0.0003471177022344774
22.05,1.9316468357361408e-07,-0.000366818211156719
22.1,2.944931230910213e-07,-0.00037451886152337495
22.150000000000002,3.4711203446638694e-07,-0.0003699171034413045
22.200000000000003,3.616053681647258e-07,-0.0003536283244200919
22.25,3.486419651622559e-07,-0.00032710706615638184
22.3,3.1784006771624113e-07,-0.0002924916504077862
22.35,2.77179725357281e-07,-0.000252388366176107
22.400000000000002,2.3280885488156685e-07,-0.00020961783523239756
22.450000000000003,1.8910978513690037e-07,-0.00016695023980263288
22.5,1.4891877362279546e-07,-0.00012685739946460868
22.55,1.13817237879688e-07,-9.130776908456991e-05
22.6,8.443763167729197e-08,-6.162540774708319e-05
22.650000000000002,6.074747522516908e-08,-3.8426668956746396e-05
22.700000000000003,4.2291372948129675e-08,-2.1639498593005282e-05
22.75,2.83829192854537e-08,-1.0600611560849225e-05
22.8,1.8246617089883326e-08,-4.216824068590359e-06
22.85,1.111495571319577e-08,-1.1695345965157936e-06
22.900000000000002,6.288338180190719e-09,-1.364288799149657e-07
22.950000000000003,3.1663083227528115e-09,-2.679576973093449e-09
23.0,1.2581236482089616e-09,-3.5473306984729304e-08
23.05,1.7964611540454367e-10,-3.0950920059330646e-10
23.1,-3.5784476362209604e-10,-2.0471856965085783e-07
23.150000000000002,-5.627150680285862e-10,-1.46394597705086e-06
23.200000000000003,-5.78991809709301e-10,-4.992658915529529e-06
23.25,-5.01474263979305e-10,-1.2235733188822904e-05
23.3,-3.8891512631186987e-10,-2.4658558960588034e-05
23.35,-2.7484600777276166e-10,-4.3522290211208364e-05
23.400000000000002,-1.7602267778919482e-10,-6.967132296130927e-05
23.450000000000003,-9.870563547432454e-11,-0.00010335897984710171
23.5,-4.311148746554967e-11,-0.00014413313701585044
23.55,-6.407081708749577e-12,-0.00019079651180993658
23.6,1.5397926807743482e-11,-0.00024144802242235231
23.650000000000002,2.6349749417054725e-11,-0.0002936025357314726
23.700000000000003,2.99875172754054e-11,-0.00034437734162773076
23.75,2.912429526576183e-11,-0.0003907268459136725
23.8,2.5830495461856616e-11,-0.00042970153106050037
23.85,2.1522248142785005e-11,-0.000458704843464385
23.900000000000002,1.7091809753021428e-11,-0.00047572262164960363
23.950000000000003,1.3042567698385263e-11,-0.0004795022117817806
24.0,9.608941102028477e-12,-0.00046966461812982446
24.05,6.853049664914679e-12,-0.00044673990955370143
24.1,4.736982918793387e-12,-0.0004121237025240459
24.150000000000002,3.173215750488284e-12,-0.0003679610649138063
24.200000000000003,2.0572911382086343e-12,-0.0003169700774060929
24.25,1.287167341748542e-12,-0.0002622232662150017
24.3,7.73201419419125e-13,-0.00020690792689886134
24.35,4.4201066563322246e-13,-0.0001540870879660736
24.400000000000002,2.366614115609498e-13,-0.00010648210214575404
24.450000000000003,1.1491332078339085e-13,-6.629386377486714e-05
24.5,4.66556837700907e-14,-3.507569718582356e-05
24.55,1.1223533436590134e-14,-1.3664885210791395e-05
24.6,-5.03616903056999e-15,-2.1743170770910396e-06
24.650000000000002,-1.0787635715714427e-14,-4.027305770649076e-08
24.700000000000003,-1.1285524686677497e-14,-6.117728410413361e-06
24.75,-9.546597587154362e-15,-1.881137744342767e-05
24.8,-7.180832719821945e-15,-3.62285876684846e-05
24.85,-4.956460204822069e-15,-5.634008554155176e-05
24.900000000000002,-3.167967241914157e-15,-7.713511971868822e-05
24.950000000000003,-1.864924806902764e-15,-9.675974553115199e-05
25.0,-9.868015185740713e-16,-0.00011362969253380075
25.05,-4.3709936232073798e-16,-0.000126512385318407
25.1,-1.2022955271199672e-16,-0.00013457578515511392
25.150000000000002,4.317490708897392e-17,-0.0001374047774171544
25.200000000000003,1.1248502205119636e-16,-0.00013498791869719662
25.25,1.2877214168451692e-16,-0.00012767942919067254
25.3,1.1853516828376697e-16,-0.000116141871679165
25.35,9.767722527509899e-17,-0.000101275740582366
25.400000000000002,7.493755350965682e-17,-8.414145089783344e-05
25.450000000000003,5.4530628395497994e-17,-6.587901643698208e-05
25.5,3.801635492299619e-17,-4.7629386668988096e-05
25.55,7.917385173925389e-18,-3.046085115170934e-05
