x,chi,E_final
0.000000,0.010000,0.000000e+00
0.050000,0.010020,-2.107249e-08
0.100000,0.010039,-4.201600e-08
0.150000,0.010059,-6.311077e-08
0.200000,0.010078,-8.415588e-08
0.250000,0.010098,-1.051113e-07
0.300000,0.010117,-1.262164e-07
0.350000,0.010137,-1.472391e-07
0.400000,0.010156,-1.682104e-07
0.450000,0.010176,-1.893156e-07
0.500000,0.010195,-2.103262e-07
0.550000,0.010215,-2.313077e-07
0.600000,0.010234,-2.524117e-07
0.650000,0.010254,-2.734169e-07
0.700000,0.010273,-2.943993e-07
0.750000,0.010293,-3.155100e-07
0.800000,0.010312,-3.365058e-07
0.850000,0.010332,-3.574874e-07
0.900000,0.010352,-3.786118e-07
0.950000,0.010371,-3.995876e-07
1.000000,0.010391,-4.205786e-07
1.050000,0.010410,-4.417110e-07
1.100000,0.010430,-4.626638e-07
1.150000,0.010449,-4.836767e-07
1.200000,0.010469,-5.047983e-07
1.250000,0.010488,-5.257448e-07
1.300000,0.010508,-5.467747e-07
1.350000,0.010527,-5.678719e-07
1.400000,0.010547,-5.888410e-07
1.450000,0.010566,-6.098567e-07
1.500000,0.010586,-6.309451e-07
1.550000,0.010605,-6.519480e-07
1.600000,0.010625,-6.729137e-07
1.650000,0.010645,-6.940368e-07
1.700000,0.010664,-7.150436e-07
1.750000,0.010684,-7.359597e-07
1.800000,0.010703,-7.571485e-07
1.850000,0.010723,-7.781081e-07
1.900000,0.010742,-7.990254e-07
1.950000,0.010762,-8.202515e-07
2.000000,0.010781,-8.411526e-07
2.050000,0.010801,-8.621241e-07
2.100000,0.010820,-8.833110e-07
2.150000,0.010840,-9.042177e-07
2.200000,0.010859,-9.252268e-07
2.250000,0.010879,-9.463303e-07
2.300000,0.010898,-9.673280e-07
2.350000,0.010918,-9.882886e-07
2.400000,0.010937,-1.009357e-06
2.450000,0.010957,-1.030451e-06
2.500000,0.010977,-1.051310e-06
2.550000,0.010996,-1.072426e-06
2.600000,0.011016,-1.093530e-06
2.650000,0.011035,-1.114347e-06
2.700000,0.011055,-1.135505e-06
2.750000,0.011074,-1.156556e-06
2.800000,0.011094,-1.177442e-06
2.850000,0.011113,-1.198535e-06
2.900000,0.011133,-1.219588e-06
2.950000,0.011152,-1.240555e-06
3.000000,0.011172,-1.261523e-06
3.050000,0.011191,-1.282657e-06
3.100000,0.011211,-1.303621e-06
3.150000,0.011230,-1.324539e-06
3.200000,0.011250,-1.345713e-06
3.250000,0.011270,-1.366654e-06
3.300000,0.011289,-1.387608e-06
3.350000,0.011309,-1.408707e-06
3.400000,0.011328,-1.429713e-06
3.450000,0.011348,-1.450670e-06
3.500000,0.011367,-1.471686e-06
3.550000,0.011387,-1.492782e-06
3.600000,0.011406,-1.513696e-06
3.650000,0.011426,-1.534709e-06
3.700000,0.011445,-1.555796e-06
3.750000,0.011465,-1.576738e-06
3.800000,0.011484,-1.597743e-06
3.850000,0.011504,-1.618772e-06
3.900000,0.011523,-1.639801e-06
3.950000,0.011543,-1.660744e-06
4.000000,0.011563,-1.681783e-06
4.050000,0.011582,-1.702816e-06
4.100000,0.011602,-1.723760e-06
4.150000,0.011621,-1.744803e-06
4.200000,0.011641,-1.765788e-06
4.250000,0.011660,-1.786808e-06
4.300000,0.011680,-1.807780e-06
4.350000,0.011699,-1.828800e-06
4.400000,0.011719,-1.849803e-06
4.450000,0.011738,-1.870770e-06
4.500000,0.011758,-1.891823e-06
4.550000,0.011777,-1.912756e-06
4.600000,0.011797,-1.933796e-06
4.650000,0.011816,-1.954784e-06
4.700000,0.011836,-1.975774e-06
4.750000,0.011855,-1.996758e-06
4.800000,0.011875,-2.017752e-06
4.850000,0.011895,-2.038803e-06
4.900000,0.011914,-2.059690e-06
4.950000,0.011934,-2.080751e-06
5.000000,0.011953,-2.101747e-06
5.050000,0.011973,-2.122722e-06
5.100000,0.011992,-2.143671e-06
5.150000,0.012012,-2.164694e-06
5.200000,0.012031,-2.185750e-06
5.250000,0.012051,-2.206600e-06
5.300000,0.012070,-2.227654e-06
5.350000,0.012090,-2.248662e-06
5.400000,0.012109,-2.269661e-06
5.450000,0.012129,-2.290539e-06
5.500000,0.012148,-2.311581e-06
5.550000,0.012168,-2.332656e-06
5.600000,0.012187,-2.353508e-06
5.650000,0.012207,-2.374499e-06
5.700000,0.012227,-2.395511e-06
5.750000,0.012246,-2.416584e-06
5.800000,0.012266,-2.437391e-06
5.850000,0.012285,-2.458405e-06
5.900000,0.012305,-2.479479e-06
5.950000,0.012324,-2.500433e-06
6.000000,0.012344,-2.521312e-06
6.050000,0.012363,-2.542283e-06
6.100000,0.012383,-2.563430e-06
6.150000,0.012402,-2.584276e-06
6.200000,0.012422,-2.605204e-06
6.250000,0.012441,-2.626183e-06
6.300000,0.012461,-2.647312e-06
6.350000,0.012480,-2.668155e-06
6.400000,0.012500,-2.689046e-06
6.450000,0.012520,-2.710102e-06
6.500000,0.012539,-2.731145e-06
6.550000,0.012559,-2.752047e-06
6.600000,0.012578,-2.772870e-06
6.650000,0.012598,-2.793993e-06
6.700000,0.012617,-2.814976e-06
6.750000,0.012637,-2.835911e-06
6.800000,0.012656,-2.856710e-06
6.850000,0.012676,-2.877826e-06
6.900000,0.012695,-2.898826e-06
6.950000,0.012715,-2.919736e-06
7.000000,0.012734,-2.940570e-06
7.050000,0.012754,-2.961606e-06
7.100000,0.012773,-2.982680e-06
7.150000,0.012793,-3.003538e-06
7.200000,0.012812,-3.024431e-06
7.250000,0.012832,-3.045362e-06
7.300000,0.012852,-3.066504e-06
7.350000,0.012871,-3.087345e-06
7.400000,0.012891,-3.108267e-06
7.450000,0.012910,-3.129128e-06
7.500000,0.012930,-3.150268e-06
7.550000,0.012949,-3.171165e-06
7.600000,0.012969,-3.192070e-06
7.650000,0.012988,-3.212920e-06
7.700000,0.013008,-3.233974e-06
7.750000,0.013027,-3.254977e-06
7.800000,0.013047,-3.275847e-06
7.850000,0.013066,-3.296736e-06
7.900000,0.013086,-3.317652e-06
7.950000,0.013105,-3.338750e-06
8.000000,0.013125,-3.359603e-06
8.050000,0.013145,-3.380557e-06
8.100000,0.013164,-3.401348e-06
8.150000,0.013184,-3.422466e-06
8.200000,0.013203,-3.443332e-06
8.250000,0.013223,-3.464349e-06
8.300000,0.013242,-3.485093e-06
8.350000,0.013262,-3.506145e-06
8.400000,0.013281,-3.527031e-06
8.450000,0.013301,-3.548076e-06
8.500000,0.013320,-3.568873e-06
8.550000,0.013340,-3.589827e-06
8.600000,0.013359,-3.610725e-06
8.650000,0.013379,-3.631727e-06
8.700000,0.013398,-3.652637e-06
8.750000,0.013418,-3.673518e-06
8.800000,0.013438,-3.694443e-06
8.850000,0.013457,-3.715343e-06
8.900000,0.013477,-3.736344e-06
8.950000,0.013496,-3.757182e-06
9.000000,0.013516,-3.778174e-06
9.050000,0.013535,-3.798978e-06
9.100000,0.013555,-3.820020e-06
9.150000,0.013574,-3.840804e-06
9.200000,0.013594,-3.861862e-06
9.250000,0.013613,-3.882623e-06
9.300000,0.013633,-3.903702e-06
9.350000,0.013652,-3.924429e-06
9.400000,0.013672,-3.945502e-06
9.450000,0.013691,-3.966230e-06
9.500000,0.013711,-3.987351e-06
9.550000,0.013730,-4.008075e-06
9.600000,0.013750,-4.029155e-06
9.650000,0.013770,-4.049827e-06
9.700000,0.013789,-4.070934e-06
9.750000,0.013809,-4.091672e-06
9.800000,0.013828,-4.112801e-06
9.850000,0.013848,-4.133472e-06
9.900000,0.013867,-4.154528e-06
9.950000,0.013887,-4.175214e-06
10.000000,0.013906,-4.196358e-06
10.050000,0.013926,-4.217092e-06
10.100000,0.013945,-4.238175e-06
10.150000,0.013965,-4.258810e-06
10.200000,0.013984,-4.279876e-06
10.250000,0.014004,-4.300598e-06
10.300000,0.014023,-4.321750e-06
10.350000,0.014043,-4.342450e-06
10.400000,0.014062,-4.363493e-06
10.450000,0.014082,-4.384120e-06
10.500000,0.014102,-4.405208e-06
10.550000,0.014121,-4.425945e-06
10.600000,0.014141,-4.447086e-06
10.650000,0.014160,-4.467759e-06
10.700000,0.014180,-4.488791e-06
10.750000,0.014199,-4.509418e-06
10.800000,0.014219,-4.530505e-06
10.850000,0.014238,-4.551228e-06
10.900000,0.014258,-4.572355e-06
10.950000,0.014277,-4.593036e-06
11.000000,0.014297,-4.614079e-06
11.050000,0.014316,-4.634718e-06
11.100000,0.014336,-4.655766e-06
11.150000,0.014355,-4.676457e-06
11.200000,0.014375,-4.697533e-06
11.250000,0.014395,-4.718248e-06
11.300000,0.014414,-4.739305e-06
11.350000,0.014434,-4.760030e-06
11.400000,0.014453,-4.781063e-06
11.450000,0.014473,-4.801810e-06
11.500000,0.014492,-4.822802e-06
11.550000,0.014512,-4.843491e-06
11.600000,0.014531,-4.864209e-06
11.650000,0.014551,-4.884487e-06
11.700000,0.014570,-4.904686e-06
11.750000,0.014590,-4.925045e-06
11.800000,0.014609,-4.946800e-06
11.850000,0.014629,-4.971548e-06
11.900000,0.014648,-5.000867e-06
11.950000,0.014668,-5.034756e-06
12.000000,0.014687,-5.068498e-06
12.050000,0.014707,-5.089753e-06
12.100000,0.014727,-5.074370e-06
12.150000,0.014746,-4.987634e-06
12.200000,0.014766,-4.790402e-06
12.250000,0.014785,-4.462793e-06
12.300000,0.014805,-4.046314e-06
12.350000,0.014824,-3.720207e-06
12.400000,0.014844,-3.909986e-06
12.450000,0.014863,-5.438315e-06
12.500000,0.014883,-9.704323e-06
12.550000,0.014902,-1.888462e-05
12.600000,0.014922,-3.612316e-05
12.650000,0.014941,-6.568209e-05
12.700000,0.014961,-1.130069e-04
12.750000,0.014980,-1.846688e-04
12.800000,0.015000,-2.881464e-04
12.850000,0.015020,-4.314275e-04
12.900000,0.015039,-6.224323e-04
12.950000,0.015059,-8.682838e-04
13.000000,0.015078,-1.174484e-03
13.050000,0.015098,-1.544066e-03
13.100000,0.015117,-1.976836e-03
13.150000,0.015137,-2.468772e-03
13.200000,0.015156,-3.011711e-03
13.250000,0.015176,-3.593349e-03
13.300000,0.015195,-4.197630e-03
13.350000,0.015215,-4.805475e-03
13.400000,0.015234,-5.395838e-03
13.450000,0.015254,-5.946979e-03
13.500000,0.015273,-6.437853e-03
13.550000,0.015293,-6.849479e-03
13.600000,0.015313,-7.166167e-03
13.650000,0.015332,-7.376491e-03
13.700000,0.015352,-7.473935e-03
13.750000,0.015371,-7.457154e-03
13.800000,0.015391,-7.329855e-03
13.850000,0.015410,-7.100330e-03
13.900000,0.015430,-6.780701e-03
13.950000,0.015449,-6.385964e-03
14.000000,0.015469,-5.932932e-03
14.050000,0.015488,-5.439155e-03
14.100000,0.015508,-4.921929e-03
14.150000,0.015527,-4.397431e-03
14.200000,0.015547,-3.880047e-03
14.250000,0.015566,-3.381908e-03
14.300000,0.015586,-2.912629e-03
14.350000,0.015605,-2.479252e-03
14.400000,0.015625,-2.086340e-03
14.450000,0.015645,-1.736212e-03
14.500000,0.015664,-1.429253e-03
14.550000,0.015684,-1.164278e-03
14.600000,0.015703,-9.389078e-04
14.650000,0.015723,-7.499310e-04
14.700000,0.015742,-5.936296e-04
14.750000,0.015762,-4.660582e-04
14.800000,0.015781,-3.632681e-04
14.850000,0.015801,-2.814760e-04
14.900000,0.015820,-2.171820e-04
14.950000,0.015840,-1.672416e-04
15.000000,0.015859,-1.289002e-04
15.050000,0.015879,-9.979844e-05
15.100000,0.015898,-7.795646e-05
15.150000,0.015918,-6.174344e-05
15.200000,0.015937,-4.983916e-05
15.250000,0.015957,-4.119256e-05
15.300000,0.015977,-3.497904e-05
15.350000,0.015996,-3.056179e-05
15.400000,0.016016,-2.745529e-05
15.450000,0.016035,-2.529469e-05
15.500000,0.016055,-2.380928e-05
15.550000,0.016074,-2.280050e-05
15.600000,0.016094,-2.212490e-05
15.650000,0.016113,-2.167953e-05
15.700000,0.016133,-2.139190e-05
15.750000,0.016152,-2.121108e-05
15.800000,0.016172,-2.110193e-05
15.850000,0.016191,-2.104051e-05
15.900000,0.016211,-2.101037e-05
15.950000,0.016230,-2.100078e-05
16.000000,0.016250,-2.100435e-05
16.050000,0.016270,-2.101642e-05
16.100000,0.016289,-2.103389e-05
16.150000,0.016309,-2.105469e-05
16.200000,0.016328,-2.107770e-05
16.250000,0.016348,-2.110194e-05
16.300000,0.016367,-2.112705e-05
16.350000,0.016387,-2.115265e-05
16.400000,0.016406,-2.117853e-05
16.450000,0.016426,-2.120467e-05
16.500000,0.016445,-2.123086e-05
16.550000,0.016465,-2.125719e-05
16.600000,0.016484,-2.128354e-05
16.650000,0.016504,-2.130993e-05
16.700000,0.016523,-2.133640e-05
16.750000,0.016543,-2.136282e-05
16.800000,0.016562,-2.138933e-05
16.850000,0.016582,-2.141584e-05
16.900000,0.016602,-2.144235e-05
16.950000,0.016621,-2.146894e-05
17.000000,0.016641,-2.149548e-05
17.050000,0.016660,-2.152210e-05
17.100000,0.016680,-2.154871e-05
17.150000,0.016699,-2.157533e-05
17.200000,0.016719,-2.160203e-05
17.250000,0.016738,-2.162867e-05
17.300000,0.016758,-2.165539e-05
17.350000,0.016777,-2.168212e-05
17.400000,0.016797,-2.170883e-05
17.450000,0.016816,-2.173565e-05
17.500000,0.016836,-2.176239e-05
17.550000,0.016855,-2.178922e-05
17.600000,0.016875,-2.181606e-05
17.650000,0.016895,-2.184287e-05
17.700000,0.016914,-2.186980e-05
17.750000,0.016934,-2.189665e-05
17.800000,0.016953,-2.192358e-05
17.850000,0.016973,-2.195054e-05
17.900000,0.016992,-2.197745e-05
17.950000,0.017012,-2.200449e-05
18.000000,0.017031,-2.203144e-05
18.050000,0.017051,-2.205848e-05
18.100000,0.017070,-2.208555e-05
18.150000,0.017090,-2.211256e-05
18.200000,0.017109,-2.213971e-05
18.250000,0.017129,-2.216679e-05
18.300000,0.017148,-2.219391e-05
18.350000,0.017168,-2.222111e-05
18.400000,0.017187,-2.224823e-05
18.450000,0.017207,-2.227547e-05
18.500000,0.017227,-2.230268e-05
18.550000,0.017246,-2.232989e-05
18.600000,0.017266,-2.235721e-05
18.650000,0.017285,-2.238444e-05
18.700000,0.017305,-2.241178e-05
18.750000,0.017324,-2.243911e-05
18.800000,0.017344,-2.246643e-05
18.850000,0.017363,-2.249385e-05
18.900000,0.017383,-2.252121e-05
18.950000,0.017402,-2.254864e-05
19.000000,0.017422,-2.257610e-05
19.050000,0.017441,-2.260353e-05
19.100000,0.017461,-2.263104e-05
19.150000,0.017480,-2.265854e-05
19.200000,0.017500,-2.268606e-05
19.250000,0.017520,-2.271364e-05
19.300000,0.017539,-2.274118e-05
19.350000,0.017559,-2.276880e-05
19.400000,0.017578,-2.279642e-05
19.450000,0.017598,-2.282404e-05
19.500000,0.017617,-2.285173e-05
19.550000,0.017637,-2.287940e-05
19.600000,0.017656,-2.290712e-05
19.650000,0.017676,-2.293486e-05
19.700000,0.017695,-2.296260e-05
19.750000,0.017715,-2.299039e-05
19.800000,0.017734,-2.301818e-05
19.850000,0.017754,-2.304601e-05
19.900000,0.017773,-2.307386e-05
19.950000,0.017793,-2.310172e-05
20.000000,0.017812,-2.312962e-05
20.050000,0.017832,-2.315753e-05
20.100000,0.017852,-2.318547e-05
20.150000,0.017871,-2.321344e-05
20.200000,0.017891,-2.324141e-05
20.250000,0.017910,-2.326943e-05
20.300000,0.017930,-2.329746e-05
20.350000,0.017949,-2.332550e-05
20.400000,0.017969,-2.335360e-05
20.450000,0.017988,-2.338168e-05
20.500000,0.018008,-2.340981e-05
20.550000,0.018027,-2.343797e-05
20.600000,0.018047,-2.346612e-05
20.650000,0.018066,-2.349433e-05
20.700000,0.018086,-2.352255e-05
20.750000,0.018105,-2.355077e-05
20.800000,0.018125,-2.357906e-05
20.850000,0.018145,-2.360733e-05
20.900000,0.018164,-2.363563e-05
20.950000,0.018184,-2.366400e-05
21.000000,0.018203,-2.369232e-05
21.050000,0.018223,-2.372072e-05
21.100000,0.018242,-2.374914e-05
21.150000,0.018262,-2.377753e-05
21.200000,0.018281,-2.380602e-05
21.250000,0.018301,-2.383450e-05
21.300000,0.018320,-2.386295e-05
21.350000,0.018340,-2.389153e-05
21.400000,0.018359,-2.392006e-05
21.450000,0.018379,-2.394860e-05
21.500000,0.018398,-2.397726e-05
21.550000,0.018418,-2.400584e-05
21.600000,0.018437,-2.403447e-05
21.650000,0.018457,-2.406321e-05
21.700000,0.018477,-2.409183e-05
21.750000,0.018496,-2.412055e-05
21.800000,0.018516,-2.414936e-05
21.850000,0.018535,-2.417804e-05
21.900000,0.018555,-2.420686e-05
21.950000,0.018574,-2.423574e-05
22.000000,0.018594,-2.426447e-05
22.050000,0.018613,-2.429338e-05
22.100000,0.018633,-2.432233e-05
22.150000,0.018652,-2.435113e-05
22.200000,0.018672,-2.438013e-05
22.250000,0.018691,-2.440914e-05
22.300000,0.018711,-2.443801e-05
22.350000,0.018730,-2.446709e-05
22.400000,0.018750,-2.449618e-05
22.450000,0.018770,-2.452511e-05
22.500000,0.018789,-2.455428e-05
22.550000,0.018809,-2.458343e-05
22.600000,0.018828,-2.461243e-05
22.650000,0.018848,-2.464168e-05
22.700000,0.018867,-2.467092e-05
22.750000,0.018887,-2.469999e-05
22.800000,0.018906,-2.472930e-05
22.850000,0.018926,-2.475863e-05
22.900000,0.018945,-2.478777e-05
22.950000,0.018965,-2.481715e-05
23.000000,0.018984,-2.484657e-05
23.050000,0.019004,-2.487578e-05
23.100000,0.019023,-2.490522e-05
23.150000,0.019043,-2.493473e-05
23.200000,0.019063,-2.496403e-05
23.250000,0.019082,-2.499351e-05
23.300000,0.019102,-2.502312e-05
23.350000,0.019121,-2.505251e-05
23.400000,0.019141,-2.508203e-05
23.450000,0.019160,-2.511173e-05
23.500000,0.019180,-2.514123e-05
23.550000,0.019199,-2.517079e-05
23.600000,0.019219,-2.520056e-05
23.650000,0.019238,-2.523018e-05
23.700000,0.019258,-2.525978e-05
23.750000,0.019277,-2.528962e-05
23.800000,0.019297,-2.531936e-05
23.850000,0.019316,-2.534902e-05
23.900000,0.019336,-2.537890e-05
23.950000,0.019355,-2.540877e-05
24.000000,0.019375,-2.543851e-05
24.050000,0.019395,-2.546842e-05
24.100000,0.019414,-2.549840e-05
24.150000,0.019434,-2.552824e-05
24.200000,0.019453,-2.555818e-05
24.250000,0.019473,-2.558825e-05
24.300000,0.019492,-2.561821e-05
24.350000,0.019512,-2.564819e-05
24.400000,0.019531,-2.567832e-05
24.450000,0.019551,-2.570841e-05
24.500000,0.019570,-2.573846e-05
24.550000,0.019590,-2.576863e-05
24.600000,0.019609,-2.579883e-05
24.650000,0.019629,-2.582898e-05
24.700000,0.019648,-2.585919e-05
24.750000,0.019668,-2.588948e-05
24.800000,0.019687,-2.591974e-05
24.850000,0.019707,-2.595001e-05
24.900000,0.019727,-2.598036e-05
24.950000,0.019746,-2.601072e-05
25.000000,0.019766,-2.604109e-05
25.050000,0.019785,-2.607149e-05
25.100000,0.019805,-2.610193e-05
25.150000,0.019824,-2.613240e-05
25.200000,0.019844,-2.616289e-05
25.250000,0.019863,-2.619339e-05
25.300000,0.019883,-2.622394e-05
25.350000,0.019902,-2.625453e-05
25.400000,0.019922,-2.628511e-05
25.450000,0.019941,-2.631571e-05
25.500000,0.019961,-2.634640e-05
25.550000,0.019980,-2.637709e-05
25.600000,0.020000,-2.640775e-05
25.650000,0.020020,-2.643849e-05
25.700000,0.020039,-2.646931e-05
25.750000,0.020059,-2.650008e-05
25.800000,0.020078,-2.653084e-05
25.850000,0.020098,-2.656174e-05
25.900000,0.020117,-2.659266e-05
25.950000,0.020137,-2.662349e-05
26.000000,0.020156,-2.665440e-05
26.050000,0.020176,-2.668544e-05
26.100000,0.020195,-2.671643e-05
26.150000,0.020215,-2.674735e-05
26.200000,0.020234,-2.677842e-05
26.250000,0.020254,-2.680958e-05
26.300000,0.020273,-2.684063e-05
26.350000,0.020293,-2.687168e-05
26.400000,0.020312,-2.690291e-05
26.450000,0.020332,-2.693416e-05
26.500000,0.020352,-2.696529e-05
26.550000,0.020371,-2.699648e-05
26.600000,0.020391,-2.702785e-05
26.650000,0.020410,-2.705919e-05
26.700000,0.020430,-2.709040e-05
26.750000,0.020449,-2.712174e-05
26.800000,0.020469,-2.715324e-05
26.850000,0.020488,-2.718466e-05
26.900000,0.020508,-2.721599e-05
26.950000,0.020527,-2.724747e-05
27.000000,0.020547,-2.727909e-05
27.050000,0.020566,-2.731060e-05
27.100000,0.020586,-2.734204e-05
27.150000,0.020605,-2.737367e-05
27.200000,0.020625,-2.740540e-05
27.250000,0.020645,-2.743700e-05
27.300000,0.020664,-2.746857e-05
27.350000,0.020684,-2.750032e-05
27.400000,0.020703,-2.753217e-05
27.450000,0.020723,-2.756388e-05
27.500000,0.020742,-2.759557e-05
27.550000,0.020762,-2.762745e-05
27.600000,0.020781,-2.765941e-05
27.650000,0.020801,-2.769124e-05
27.700000,0.020820,-2.772305e-05
27.750000,0.020840,-2.775504e-05
27.800000,0.020859,-2.778712e-05
27.850000,0.020879,-2.781909e-05
27.900000,0.020898,-2.785101e-05
27.950000,0.020918,-2.788310e-05
28.000000,0.020937,-2.791531e-05
28.050000,0.020957,-2.794743e-05
28.100000,0.020977,-2.797946e-05
28.150000,0.020996,-2.801164e-05
28.200000,0.021016,-2.804397e-05
28.250000,0.021035,-2.807625e-05
28.300000,0.021055,-2.810841e-05
28.350000,0.021074,-2.814066e-05
28.400000,0.021094,-2.817310e-05
28.450000,0.021113,-2.820554e-05
28.500000,0.021133,-2.823787e-05
28.550000,0.021152,-2.827020e-05
28.600000,0.021172,-2.830271e-05
28.650000,0.021191,-2.833530e-05
28.700000,0.021211,-2.836782e-05
28.750000,0.021230,-2.840027e-05
28.800000,0.021250,-2.843282e-05
28.850000,0.021270,-2.846553e-05
28.900000,0.021289,-2.849823e-05
28.950000,0.021309,-2.853085e-05
29.000000,0.021328,-2.856349e-05
29.050000,0.021348,-2.859625e-05
29.100000,0.021367,-2.862909e-05
29.150000,0.021387,-2.866190e-05
29.200000,0.021406,-2.869469e-05
29.250000,0.021426,-2.872753e-05
29.300000,0.021445,-2.876046e-05
29.350000,0.021465,-2.879342e-05
29.400000,0.021484,-2.882637e-05
29.450000,0.021504,-2.885934e-05
29.500000,0.021523,-2.889237e-05
29.550000,0.021543,-2.892544e-05
29.600000,0.021562,-2.895852e-05
29.650000,0.021582,-2.899163e-05
29.700000,0.021602,-2.902480e-05
29.750000,0.021621,-2.905801e-05
29.800000,0.021641,-2.909122e-05
29.850000,0.021660,-2.912443e-05
29.900000,0.021680,-2.915770e-05
29.950000,0.021699,-2.919105e-05
30.000000,0.021719,-2.922445e-05
30.050000,0.021738,-2.925782e-05
30.100000,0.021758,-2.929117e-05
30.150000,0.021777,-2.932458e-05
30.200000,0.021797,-2.935810e-05
30.250000,0.021816,-2.939168e-05
30.300000,0.021836,-2.942524e-05
30.350000,0.021855,-2.945876e-05
30.400000,0.021875,-2.949231e-05
30.450000,0.021895,-2.952597e-05
30.500000,0.021914,-2.955971e-05
30.550000,0.021934,-2.959346e-05
30.600000,0.021953,-2.962718e-05
30.650000,0.021973,-2.966090e-05
30.700000,0.021992,-2.969469e-05
30.750000,0.022012,-2.972856e-05
30.800000,0.022031,-2.976249e-05
30.850000,0.022051,-2.979641e-05
30.900000,0.022070,-2.983033e-05
30.950000,0.022090,-2.986428e-05
31.000000,0.022109,-2.989829e-05
31.050000,0.022129,-2.993236e-05
31.100000,0.022148,-2.996645e-05
31.150000,0.022168,-3.000056e-05
31.200000,0.022187,-3.003470e-05
31.250000,0.022207,-3.006889e-05
31.300000,0.022227,-3.010312e-05
31.350000,0.022246,-3.013738e-05
31.400000,0.022266,-3.017165e-05
31.450000,0.022285,-3.020595e-05
31.500000,0.022305,-3.024029e-05
31.550000,0.022324,-3.027470e-05
31.600000,0.022344,-3.030916e-05
31.650000,0.022363,-3.034366e-05
31.700000,0.022383,-3.037815e-05
31.750000,0.022402,-3.041264e-05
31.800000,0.022422,-3.044714e-05
31.850000,0.022441,-3.048169e-05
31.900000,0.022461,-3.051632e-05
31.950000,0.022480,-3.055100e-05
32.000000,0.022500,-3.058576e-05
32.050000,0.022520,-3.062064e-05
32.100000,0.022539,-3.065576e-05
32.150000,0.022559,-3.069115e-05
32.200000,0.022578,-3.072666e-05
32.250000,0.022598,-3.076160e-05
32.300000,0.022617,-3.079465e-05
32.350000,0.022637,-3.082406e-05
32.400000,0.022656,-3.084864e-05
32.450000,0.022676,-3.086984e-05
32.500000,0.022695,-3.089494e-05
32.550000,0.022715,-3.094072e-05
32.600000,0.022734,-3.103583e-05
32.650000,0.022754,-3.121841e-05
32.700000,0.022773,-3.152357e-05
32.750000,0.022793,-3.195358e-05
32.800000,0.022813,-3.242259e-05
32.850000,0.022832,-3.266839e-05
32.900000,0.022852,-3.212628e-05
32.950000,0.022871,-2.976617e-05
33.000000,0.022891,-2.390170e-05
33.050000,0.022910,-1.199043e-05
33.100000,0.022930,9.545568e-06
33.150000,0.022949,4.544109e-05
33.200000,0.022969,1.016092e-04
33.250000,0.022988,1.850227e-04
33.300000,0.023008,3.034255e-04
33.350000,0.023027,4.648616e-04
33.400000,0.023047,6.770323e-04
33.450000,0.023066,9.465204e-04
33.500000,0.023086,1.277947e-03
33.550000,0.023105,1.673147e-03
33.600000,0.023125,2.130459e-03
33.650000,0.023145,2.644234e-03
33.700000,0.023164,3.204639e-03
33.750000,0.023184,3.797807e-03
33.800000,0.023203,4.406369e-03
33.850000,0.023223,5.010320e-03
33.900000,0.023242,5.588172e-03
33.950000,0.023262,6.118293e-03
34.000000,0.023281,6.580296e-03
34.050000,0.023301,6.956372e-03
34.100000,0.023320,7.232427e-03
34.150000,0.023340,7.398931e-03
34.200000,0.023359,7.451412e-03
34.250000,0.023379,7.390566e-03
34.300000,0.023398,7.221996e-03
34.350000,0.023418,6.955617e-03
34.400000,0.023438,6.604811e-03
34.450000,0.023457,6.185422e-03
34.500000,0.023477,5.714675e-03
34.550000,0.023496,5.210128e-03
34.600000,0.023516,4.688718e-03
34.650000,0.023535,4.165974e-03
34.700000,0.023555,3.655424e-03
34.750000,0.023574,3.168214e-03
34.800000,0.023594,2.712931e-03
34.850000,0.023613,2.295607e-03
34.900000,0.023633,1.919882e-03
34.950000,0.023652,1.587264e-03
35.000000,0.023672,1.297470e-03
35.050000,0.023691,1.048797e-03
35.100000,0.023711,8.384972e-04
35.150000,0.023730,6.631233e-04
35.200000,0.023750,5.188403e-04
35.250000,0.023770,4.016813e-04
35.300000,0.023789,3.077494e-04
35.350000,0.023809,2.333661e-04
35.400000,0.023828,1.751695e-04
35.450000,0.023848,1.301704e-04
35.500000,0.023867,9.577470e-05
35.550000,0.023887,6.977881e-05
35.600000,0.023906,5.034759e-05
35.650000,0.023926,3.598011e-05
35.700000,0.023945,2.546948e-05
35.750000,0.023965,1.786057e-05
35.800000,0.023984,1.240881e-05
35.850000,0.024004,8.542127e-06
35.900000,0.024023,5.826968e-06
35.950000,0.024043,3.939117e-06
36.000000,0.024062,2.639200e-06
36.050000,0.024082,1.752668e-06
36.100000,0.024102,1.153763e-06
36.150000,0.024121,7.529360e-07
36.200000,0.024141,4.871443e-07
36.250000,0.024160,3.124989e-07
36.300000,0.024180,1.987754e-07
36.350000,0.024199,1.253809e-07
36.400000,0.024219,7.843062e-08
36.450000,0.024238,4.865809e-08
36.500000,0.024258,2.994118e-08
36.550000,0.024277,1.827493e-08
36.600000,0.024297,1.106480e-08
36.650000,0.024316,6.645980e-09
36.700000,0.024336,3.960312e-09
36.750000,0.024355,2.341427e-09
36.800000,0.024375,1.373530e-09
36.850000,0.024395,7.995152e-10
36.900000,0.024414,4.618183e-10
36.950000,0.024434,2.647252e-10
37.000000,0.024453,1.505992e-10
37.050000,0.024473,8.503075e-11
37.100000,0.024492,4.765168e-11
37.150000,0.024512,2.650643e-11
37.200000,0.024531,1.463581e-11
37.250000,0.024551,8.022253e-12
37.300000,0.024570,4.365264e-12
37.350000,0.024590,2.358196e-12
37.400000,0.024609,1.264809e-12
37.450000,0.024629,6.735422e-13
37.500000,0.024648,3.561389e-13
37.550000,0.024668,1.869854e-13
37.600000,0.024687,9.748736e-14
37.650000,0.024707,5.047309e-14
37.700000,0.024727,2.595138e-14
37.750000,0.024746,1.325158e-14
37.800000,0.024766,6.720467e-15
37.850000,0.024785,3.385110e-15
37.900000,0.024805,1.693576e-15
37.950000,0.024824,8.416115e-16
38.000000,0.024844,4.154420e-16
38.050000,0.024863,2.037122e-16
38.100000,0.024883,9.923099e-17
38.150000,0.024902,4.801945e-17
38.200000,0.024922,2.308564e-17
38.250000,0.024941,1.102647e-17
38.300000,0.024961,5.232588e-18
38.350000,0.024980,2.467154e-18
38.400000,0.025000,1.155821e-18
38.450000,0.025020,5.380385e-19
38.500000,0.025039,2.488738e-19
38.550000,0.025059,1.143936e-19
38.600000,0.025078,5.225106e-20
38.650000,0.025098,2.371769e-20
38.700000,0.025117,1.069910e-20
38.750000,0.025137,4.796594e-21
38.800000,0.025156,2.137186e-21
38.850000,0.025176,9.464293e-22
38.900000,0.025195,4.165655e-22
38.950000,0.025215,1.822385e-22
39.000000,0.025234,7.924485e-23
39.050000,0.025254,3.425218e-23
39.100000,0.025273,1.471647e-23
39.150000,0.025293,6.285348e-24
39.200000,0.025312,2.668559e-24
39.250000,0.025332,1.126310e-24
39.300000,0.025352,4.725893e-25
39.350000,0.025371,1.971361e-25
39.400000,0.025391,8.175525e-26
39.450000,0.025410,3.370883e-26
39.500000,0.025430,1.381851e-26
39.550000,0.025449,5.632206e-27
39.600000,0.025469,2.282479e-27
39.650000,0.025488,9.197214e-28
39.700000,0.025508,3.685000e-28
39.750000,0.025527,1.468117e-28
39.800000,0.025547,5.816156e-29
39.850000,0.025566,2.291256e-29
39.900000,0.025586,8.976009e-30
39.950000,0.025605,3.496833e-30
40.000000,0.025625,1.354747e-30
40.050000,0.025645,5.219669e-31
40.100000,0.025664,2.000039e-31
40.150000,0.025684,7.621743e-32
40.200000,0.025703,2.888681e-32
40.250000,0.025723,1.088889e-32
40.300000,0.025742,4.082402e-33
40.350000,0.025762,1.522316e-33
40.400000,0.025781,5.646243e-34
40.450000,0.025801,2.082999e-34
40.500000,0.025820,7.643672e-35
40.550000,0.025840,2.790019e-35
40.600000,0.025859,1.013008e-35
40.650000,0.025879,3.658708e-36
40.700000,0.025898,1.314499e-36
40.750000,0.025918,4.698061e-37
40.800000,0.025937,1.670364e-37
40.850000,0.025957,5.908076e-38
40.900000,0.025977,2.078889e-38
40.950000,0.025996,7.277377e-39
41.000000,0.026016,2.534456e-39
41.050000,0.026035,8.781504e-40
41.100000,0.026055,3.027157e-40
41.150000,0.026074,1.038223e-40
41.200000,0.026094,3.542776e-41
41.250000,0.026113,1.202822e-41
41.300000,0.026133,4.063233e-42
41.350000,0.026152,1.365720e-42
41.400000,0.026172,4.567503e-43
41.450000,0.026191,1.519954e-43
41.500000,0.026211,5.032962e-44
41.550000,0.026230,1.658310e-44
41.600000,0.026250,5.437056e-45
41.650000,0.026270,1.773882e-45
41.700000,0.026289,5.759114e-46
41.750000,0.026309,1.860645e-46
41.800000,0.026328,5.982118e-47
41.850000,0.026348,1.913978e-47
41.900000,0.026367,6.094192e-48
41.950000,0.026387,1.931075e-48
42.000000,0.026406,6.089657e-49
42.050000,0.026426,1.911188e-49
42.100000,0.026445,5.969496e-50
42.150000,0.026465,1.855675e-50
42.200000,0.026484,5.741196e-51
42.250000,0.026504,1.767851e-51
42.300000,0.026523,5.417984e-52
42.350000,0.026543,1.652665e-52
42.400000,0.026562,5.017569e-53
42.450000,0.026582,1.516244e-53
42.500000,0.026602,4.560558e-54
42.550000,0.026621,1.365357e-54
42.600000,0.026641,4.068736e-55
42.650000,0.026660,1.206879e-55
42.700000,0.026680,3.563400e-56
42.750000,0.026699,1.047292e-56
42.800000,0.026719,3.063927e-57
42.850000,0.026738,8.922831e-58
42.900000,0.026758,2.586697e-58
42.950000,0.026777,7.464705e-59
43.000000,0.026797,2.144416e-59
43.050000,0.026816,6.132531e-60
43.100000,0.026836,1.745862e-60
43.150000,0.026855,4.947944e-61
43.200000,0.026875,1.396011e-61
43.250000,0.026895,3.921090e-62
43.300000,0.026914,1.096437e-62
43.350000,0.026934,3.052273e-63
43.400000,0.026953,8.459230e-64
43.450000,0.026973,2.334049e-64
43.500000,0.026992,6.411581e-65
43.550000,0.027012,1.753477e-65
43.600000,0.027031,4.774401e-66
43.650000,0.027051,1.294271e-66
43.700000,0.027070,3.493191e-67
43.750000,0.027090,9.386719e-68
43.800000,0.027109,2.511325e-68
43.850000,0.027129,6.689486e-69
43.900000,0.027148,1.774133e-69
43.950000,0.027168,4.684744e-70
44.000000,0.027188,1.231670e-70
44.050000,0.027207,3.224143e-71
44.100000,0.027227,8.403257e-72
44.150000,0.027246,2.180703e-72
44.200000,0.027266,5.634598e-73
44.250000,0.027285,1.449601e-73
44.300000,0.027305,3.713253e-74
44.350000,0.027324,9.470713e-75
44.400000,0.027344,2.405105e-75
44.450000,0.027363,6.081485e-76
44.500000,0.027383,1.531124e-76
44.550000,0.027402,3.838282e-77
44.600000,0.027422,9.580537e-78
44.650000,0.027441,2.381056e-78
44.700000,0.027461,5.892184e-79
44.750000,0.027480,1.451812e-79
44.800000,0.027500,3.561816e-80
44.850000,0.027520,8.700810e-81
44.900000,0.027539,2.116288e-81
44.950000,0.027559,5.125266e-82
45.000000,0.027578,1.235903e-82
45.050000,0.027598,2.967411e-83
45.100000,0.027617,7.094080e-84
45.150000,0.027637,1.688647e-84
45.200000,0.027656,4.002261e-85
45.250000,0.027676,9.444843e-86
45.300000,0.027695,2.219250e-86
45.350000,0.027715,5.192051e-87
45.400000,0.027734,1.209462e-87
45.450000,0.027754,2.805206e-88
45.500000,0.027773,6.478226e-89
45.550000,0.027793,1.489585e-89
45.600000,0.027812,3.410290e-90
45.650000,0.027832,7.773800e-91
45.700000,0.027852,1.764374e-91
45.750000,0.027871,3.987150e-92
45.800000,0.027891,8.971149e-93
45.850000,0.027910,2.009771e-93
45.900000,0.027930,4.482885e-94
45.950000,0.027949,9.955896e-95
46.000000,0.027969,2.201478e-95
46.050000,0.027988,4.846846e-96
46.100000,0.028008,1.062465e-96
46.150000,0.028027,2.318889e-97
46.200000,0.028047,5.039127e-98
46.250000,0.028066,1.090286e-98
46.300000,0.028086,2.348741e-99
46.350000,0.028105,5.037786e-100
46.400000,0.028125,1.075856e-100
46.450000,0.028145,2.287593e-101
46.500000,0.028164,4.842991e-102
46.550000,0.028184,1.020844e-102
46.600000,0.028203,2.142478e-103
46.650000,0.028223,4.476982e-104
46.700000,0.028242,9.314659e-105
46.750000,0.028262,1.929576e-105
46.800000,0.028281,3.979891e-106
46.850000,0.028301,8.173266e-107
46.900000,0.028320,1.671231e-107
46.950000,0.028340,3.402474e-108
47.000000,0.028359,6.897185e-109
47.050000,0.028379,1.392096e-109
47.100000,0.028398,2.797614e-110
47.150000,0.028418,5.597959e-111
47.200000,0.028437,1.115312e-111
47.250000,0.028457,2.212530e-112
47.300000,0.028477,4.370290e-113
47.350000,0.028496,8.595308e-114
47.400000,0.028516,1.683234e-114
47.450000,0.028535,3.282175e-115
47.500000,0.028555,6.372576e-116
47.550000,0.028574,1.231988e-116
47.600000,0.028594,2.371584e-117
47.650000,0.028613,4.545832e-118
47.700000,0.028633,8.676276e-119
47.750000,0.028652,1.648925e-119
47.800000,0.028672,3.120461e-120
47.850000,0.028691,5.880159e-121
47.900000,0.028711,1.103354e-121
47.950000,0.028730,2.061571e-122
48.000000,0.028750,3.835683e-123
48.050000,0.028770,7.106412e-124
48.100000,0.028789,1.311066e-124
48.150000,0.028809,2.408616e-125
48.200000,0.028828,4.406388e-126
48.250000,0.028848,8.027363e-127
48.300000,0.028867,1.456267e-127
48.350000,0.028887,2.630815e-128
48.400000,0.028906,4.732860e-129
48.450000,0.028926,8.478992e-130
48.500000,0.028945,1.512708e-130
48.550000,0.028965,2.687569e-131
48.600000,0.028984,4.755113e-132
48.650000,0.029004,8.378418e-133
48.700000,0.029023,1.470166e-133
48.750000,0.029043,2.569079e-134
48.800000,0.029063,4.470934e-135
48.850000,0.029082,7.748761e-136
48.900000,0.029102,1.337466e-136
48.950000,0.029121,2.299076e-137
49.000000,0.029141,3.935926e-138
49.050000,0.029160,6.710693e-139
49.100000,0.029180,1.139510e-139
49.150000,0.029199,1.927091e-140
49.200000,0.029219,3.245812e-141
49.250000,0.029238,5.444838e-142
49.300000,0.029258,9.096842e-143
49.350000,0.029277,1.513714e-143
49.400000,0.029297,2.508695e-144
49.450000,0.029316,4.141011e-145
49.500000,0.029336,6.808053e-146
49.550000,0.029355,1.114810e-146
49.600000,0.029375,1.818210e-147
49.650000,0.029395,2.953627e-148
49.700000,0.029414,4.779027e-149
49.750000,0.029434,7.701917e-150
49.800000,0.029453,1.236338e-150
49.850000,0.029473,1.976781e-151
49.900000,0.029492,3.148228e-152
49.950000,0.029512,4.994173e-153
50.000000,0.029531,7.891404e-154
50.050000,0.029551,1.242058e-154
50.100000,0.029570,1.947287e-155
50.150000,0.029590,3.041039e-156
50.200000,0.029609,4.730658e-157
50.250000,0.029629,7.330475e-158
50.300000,0.029648,1.131507e-158
50.350000,0.029668,1.739805e-159
50.400000,0.029687,2.664806e-160
50.450000,0.029707,4.065890e-161
50.500000,0.029727,6.179800e-162
50.550000,0.029746,9.356758e-163
50.600000,0.029766,1.411276e-163
50.650000,0.029785,2.120498e-164
50.700000,0.029805,3.173996e-165
50.750000,0.029824,4.732831e-166
50.800000,0.029844,7.030484e-167
50.850000,0.029863,1.040405e-167
50.900000,0.029883,1.533827e-168
50.950000,0.029902,2.252736e-169
51.000000,0.029922,3.296126e-170
51.050000,0.029941,4.802674e-171
51.100000,0.029961,6.832095e-172
51.150000,0.029980,0.000000e+00
