step,time_s,detector_value
0,0.0,-2.6337090342232277e-12
1,0.01,-2.6247655522249674e-12
2,0.02,-2.6165666701096017e-12
3,0.03,-2.6091012856999805e-12
4,0.04,-2.602357915844509e-12
5,0.05,-2.5963246881111765e-12
6,0.06,-2.590989331911168e-12
7,0.07,-2.586339169048385e-12
8,0.08,-2.5823611036908764e-12
9,0.09,-2.5790416117598757e-12
10,0.1,-2.5763667297318253e-12
11,0.11,-2.5743220428484564e-12
12,0.12,-2.572892672729677e-12
13,0.13,-2.572063264383707e-12
14,0.14,-2.571817972608576e-12
15,0.15,-2.5721404477787965e-12
16,0.16,-2.5730138210106884e-12
17,0.17,-2.5744206886995224e-12
18,0.18,-2.5763430964213268e-12
19,0.19,-2.5787625221918766e-12
20,0.2,-2.581659859075061e-12
21,0.21,-2.5850153971324996e-12
22,0.22,-2.5888088047059495e-12
23,0.23,-2.5930191090237186e-12
24,0.24,-2.597624676121966e-12
25,0.25,-2.602603190071442e-12
26,0.26,-2.6079316314998777e-12
27,0.27,-2.61358625539991e-12
28,0.28,-2.6195425682120758e-12
29,0.29,-2.6257753041720763e-12
30,0.3,-2.6322584009111687e-12
31,0.31,-2.6389649742981925e-12
32,0.32,-2.6458672925113937e-12
33,0.33,-2.6529367493278616e-12
34,0.34,-2.660143836618033e-12
35,0.35000000000000003,-2.6674581160323728e-12
36,0.36,-2.6748481898669715e-12
37,0.37,-2.68228167109445e-12
38,0.38,-2.689725152546191e-12
39,0.39,-2.6971441752315495e-12
40,0.4,-2.704503195779336e-12
41,0.41000000000000003,-2.7117655529864764e-12
42,0.42,-2.718893433458396e-12
43,0.43,-2.725847836325279e-12
44,0.44,-2.7325885370179877e-12
45,0.45,-2.7390740500870316e-12
46,0.46,-2.7452615910475887e-12
47,0.47000000000000003,-2.7511070372331966e-12
48,0.48,-2.756564887640325e-12
49,0.49,-2.7615882217456545e-12
50,0.5,-2.7661286572774685e-12
51,0.51,-2.7701363069221794e-12
52,0.52,-2.77355973394658e-12
53,0.53,-2.7763459067160095e-12
54,0.54,-2.7784401520882046e-12
55,0.55,-2.7797861076621797e-12
56,0.56,-2.78032567286106e-12
57,0.5700000000000001,-2.7799989588273614e-12
58,0.58,-2.7787442371087706e-12
59,0.59,-2.776497887112052e-12
60,0.6,-2.7731943423022563e-12
61,0.61,-2.7687660351239656e-12
62,0.62,-2.763143340620854e-12
63,0.63,-2.7562545187293945e-12
64,0.64,-2.748025655222073e-12
65,0.65,-2.73838060127502e-12
66,0.66,-2.7272409116344857e-12
67,0.67,-2.7145257813561274e-12
68,0.68,-2.7001519810905857e-12
69,0.6900000000000001,-2.6840337908883523e-12
70,0.7000000000000001,-2.6660829324964426e-12
71,0.71,-2.6462085001188905e-12
72,0.72,-2.62431688961259e-12
73,0.73,-2.6003117260895027e-12
74,0.74,-2.574093789895747e-12
75,0.75,-2.5455609409375636e-12
76,0.76,-2.5146080413236476e-12
77,0.77,-2.481126876292804e-12
78,0.78,-2.445006073395358e-12
79,0.79,-2.406131019896225e-12
80,0.8,-2.3643837783669953e-12
81,0.81,-2.3196430004338568e-12
82,0.8200000000000001,-2.2717838386476223e-12
83,0.8300000000000001,-2.220677856441575e-12
84,0.84,-2.1661929361422878e-12
85,0.85,-2.108193184998005e-12
86,0.86,-2.0465388391886072e-12
87,0.87,-1.9810861657805957e-12
88,0.88,-1.9116873625899636e-12
89,0.89,-1.838190455915219e-12
90,0.9,-1.7604391961022452e-12
91,0.91,-1.6782729509020713e-12
92,0.92,-1.591526596582036e-12
93,0.93,-1.5000304067502028e-12
94,0.9400000000000001,-1.4036099388522788e-12
95,0.9500000000000001,-1.3020859182996628e-12
96,0.96,-1.19527412018662e-12
97,0.97,-1.0829852485539513e-12
98,0.98,-9.650248131558783e-13
99,0.99,-8.411930036862288e-13
100,1.0,-7.112845614193465e-13
101,1.01,-5.750886482205e-13
102,1.02,-4.323887128798972e-13
103,1.03,-2.829623547237443e-13
104,1.04,-1.2658118445511381e-13
105,1.05,3.6989317823296506e-14
106,1.06,2.0798994745311733e-13
107,1.07,3.866679229802719e-13
108,1.08,5.732770368809469e-13
109,1.09,7.680778093042706e-13
110,1.1,9.713376448831125e-13
111,1.11,1.1833309926651305e-12
112,1.12,1.4043395092169207e-12
113,1.1300000000000001,1.634652224954849e-12
114,1.1400000000000001,1.874565713756881e-12
115,1.1500000000000001,2.124384265910466e-12
116,1.16,2.3844200644522796e-12
117,1.17,2.654993364956378e-12
118,1.18,2.936432678828081e-12
119,1.19,3.2290749601616615e-12
120,1.2,3.533265796220689e-12
121,1.21,3.849359601600652e-12
122,1.22,4.177719816134269e-12
123,1.23,4.5187191066006766e-12
124,1.24,4.8727395723004854e-12
125,1.25,5.240172954559491e-12
126,1.26,5.62142085022463e-12
127,1.27,6.016894929216573e-12
128,1.28,6.427017156204193e-12
129,1.29,6.852220016466922e-12
130,1.3,7.292946746011874e-12
131,1.31,7.749651566013436e-12
132,1.32,8.222799921643842e-12
133,1.33,8.712868725364128e-12
134,1.34,9.220346604745677e-12
135,1.35,9.745734154893439e-12
136,1.36,1.0289544195542761e-11
137,1.37,1.0852302032902619e-11
138,1.3800000000000001,1.1434545726318929e-11
139,1.3900000000000001,1.203682635983247e-11
140,1.4000000000000001,1.2659708318706831e-11
141,1.41,1.3303769571002696e-11
142,1.42,1.396960195427563e-11
143,1.43,1.4657811467475466e-11
144,1.44,1.5369018568126253e-11
145,1.45,1.6103858474866627e-11
146,1.46,1.6862981475431414e-11
147,1.47,1.7647053240156103e-11
148,1.48,1.8456755141086825e-11
149,1.49,1.9292784576779318e-11
150,1.5,2.0155855302871334e-11
151,1.51,2.1046697768513817e-11
152,1.52,2.196605945874715e-11
153,1.53,2.2914705242909655e-11
154,1.54,2.3893417729166533e-11
155,1.55,2.4902997625248245e-11
156,1.56,2.5944264105488423e-11
157,1.57,2.7018055184252216e-11
158,1.58,2.8125228095846987e-11
159,1.59,2.92666596810082e-11
160,1.6,3.044324678005428e-11
161,1.61,3.165590663280521e-11
162,1.62,3.2905577285360495e-11
163,1.6300000000000001,3.4193218003833236e-11
164,1.6400000000000001,3.551980969513778e-11
165,1.6500000000000001,3.6886355334929634e-11
166,1.6600000000000001,3.829388040279702e-11
167,1.67,3.974343332480465e-11
168,1.68,4.1236085923491035e-11
169,1.69,4.2772933875421803e-11
170,1.7,4.43550971764023e-11
171,1.71,4.5983720614453755e-11
172,1.72,4.765997425065833e-11
173,1.73,4.938505390797915e-11
174,1.74,5.116018166816257e-11
175,1.75,5.298660637683074e-11
176,1.76,5.4865604156873526e-11
177,1.77,5.6798478930249844e-11
178,1.78,5.878656294830929e-11
179,1.79,6.083121733074606e-11
180,1.8,6.293383261329793e-11
181,1.81,6.509582930430415e-11
182,1.82,6.731865845023691e-11
183,1.83,6.960380221032207e-11
184,1.84,7.195277444036574e-11
185,1.85,7.436712128590423e-11
186,1.86,7.684842178479576e-11
187,1.87,7.939828847937321e-11
188,1.8800000000000001,8.201836803827841e-11
189,1.8900000000000001,8.471034188809874e-11
190,1.9000000000000001,8.747592685492846e-11
191,1.9100000000000001,9.031687581597746e-11
192,1.92,9.323497836135136e-11
193,1.93,9.623206146612758e-11
194,1.94,9.930999017285306e-11
195,1.95,1.0247066828458996e-10
196,1.96,1.0571603906863661e-10
197,1.97,1.0904808597105189e-10
198,1.98,1.1246883334211192e-10
199,1.99,1.1598034717282886e-10
200,2.0,1.1958473584266248e-10
201,2.0100000000000002,1.2328415087855558e-10
202,2.02,1.2708078772542593e-10
203,2.0300000000000002,1.3097688652824715e-10
204,2.04,1.349747329258526e-10
205,2.05,1.390766588565966e-10
206,2.06,1.4328504337600812e-10
207,2.07,1.4760231348657302e-10
208,2.08,1.5203094497978131e-10
209,2.09,1.5657346329057691e-10
210,2.1,1.6123244436434769e-10
211,2.11,1.6601051553659467e-10
212,2.12,1.7091035642541956e-10
213,2.13,1.7593469983697062e-10
214,2.14,1.8108633268398727e-10
215,2.15,1.863680969175848e-10
216,2.16,1.9178289047242056e-10
217,2.17,1.9733366822538428e-10
218,2.18,2.0302344296795478e-10
219,2.19,2.0885528639236686e-10
220,2.2,2.1483233009173183e-10
221,2.21,2.2095776657425592e-10
222,2.22,2.2723485029170133e-10
223,2.23,2.3366689868223503e-10
224,2.24,2.4025729322781057e-10
225,2.25,2.4700948052622896e-10
226,2.2600000000000002,2.539269733780246e-10
227,2.27,2.610133518883229e-10
228,2.2800000000000002,2.682722645838162e-10
229,2.29,2.757074295450049e-10
230,2.3000000000000003,2.8332263555385156e-10
231,2.31,2.9112174325699447e-10
232,2.32,2.991086863446692e-10
233,2.33,3.072874727454851e-10
234,2.34,3.156621858372052e-10
235,2.35,3.242369856736764e-10
236,2.36,3.3301611022805907e-10
237,2.37,3.420038766525029e-10
238,2.38,3.5120468255441733e-10
239,2.39,3.606230072894839e-10
240,2.4,3.702634132715586e-10
241,2.41,3.801305472996113e-10
242,2.42,3.902291419018495e-10
243,2.43,4.0056401669717357e-10
244,2.44,4.1114007977411e-10
245,2.45,4.219623290873688e-10
246,2.46,4.330358538721717e-10
247,2.47,4.443658360764958e-10
248,2.48,4.5595755181137845e-10
249,2.49,4.678163728194275e-10
250,2.5,4.79947767961681e-10
251,2.5100000000000002,4.923573047229597e-10
252,2.52,5.050506507358547e-10
253,2.5300000000000002,5.180335753234934e-10
254,2.54,5.313119510612228e-10
255,2.5500000000000003,5.448917553573526e-10
256,2.56,5.587790720530962e-10
257,2.57,5.729800930418484e-10
258,2.58,5.875011199079375e-10
259,2.59,6.023485655849882e-10
260,2.6,6.175289560340301e-10
261,2.61,6.330489319414859e-10
262,2.62,6.489152504371733e-10
263,2.63,6.651347868324501e-10
264,2.64,6.817145363786342e-10
265,2.65,6.986616160458265e-10
266,2.66,7.159832663222637e-10
267,2.67,7.336868530343269e-10
268,2.68,7.51779869187329e-10
269,2.69,7.702699368272041e-10
270,2.7,7.891648089232186e-10
271,2.71,8.084723712718214e-10
272,2.72,8.282006444217518e-10
273,2.73,8.48357785620517e-10
274,2.74,8.689520907823529e-10
275,2.75,8.899919964777775e-10
276,2.7600000000000002,9.11486081944845e-10
277,2.77,9.334430711222044e-10
278,2.7800000000000002,9.558718347040682e-10
279,2.79,9.787813922171881e-10
280,2.8000000000000003,1.0021809141199369e-09
281,2.81,1.0260797239235915e-09
282,2.82,1.0504873003359085e-09
283,2.83,1.0754132794270807e-09
284,2.84,1.1008674568181615e-09
285,2.85,1.126859789892039e-09
286,2.86,1.1534004000270396e-09
287,2.87,1.1804995748532378e-09
288,2.88,1.2081677705315431e-09
289,2.89,1.2364156140556356e-09
290,2.9,1.2652539055768128e-09
291,2.91,1.2946936207518118e-09
292,2.92,1.3247459131136631e-09
293,2.93,1.3554221164656297e-09
294,2.94,1.3867337472982817e-09
295,2.95,1.418692507229751e-09
296,2.96,1.4513102854692076e-09
297,2.97,1.4845991613035928e-09
298,2.98,1.5185714066076425e-09
299,2.99,1.5532394883772266e-09
300,3.0,1.5886160712860267e-09
301,3.0100000000000002,1.624714020265569e-09
302,3.02,1.661546403108625e-09
303,3.0300000000000002,1.6991264930959863e-09
304,3.04,1.7374677716466143e-09
305,3.0500000000000003,1.7765839309911607e-09
306,3.06,1.816488876868849e-09
307,3.0700000000000003,1.8571967312477005e-09
308,3.08,1.898721835068083e-09
309,3.09,1.941078751009555e-09
310,3.1,1.984282266280969e-09
311,3.11,2.028347395433796e-09
312,3.12,2.073289383198618e-09
313,3.13,2.119123707344743e-09
314,3.14,2.165866081562874e-09
315,3.15,2.2135324583707637e-09
316,3.16,2.2621390320417864e-09
317,3.17,2.3117022415563348e-09
318,3.18,2.3622387735759572e-09
319,3.19,2.413765565440136e-09
320,3.2,2.466299808185596e-09
321,3.21,2.5198589495880377e-09
322,3.22,2.57446069722616e-09
323,3.23,2.630123021567852e-09
324,3.24,2.6868641590784086e-09
325,3.25,2.7447026153506204e-09
326,3.2600000000000002,2.803657168256581e-09
327,3.27,2.863746871121046e-09
328,3.2800000000000002,2.9249910559161626e-09
329,3.29,2.9874093364773865e-09
330,3.3000000000000003,3.0510216117403893e-09
331,3.31,3.115848068998748e-09
332,3.3200000000000003,3.1819091871822024e-09
333,3.33,3.2492257401552494e-09
334,3.34,3.31781880003584e-09
335,3.35,3.387709740533927e-09
336,3.36,3.458920240309604e-09
337,3.37,3.531472286350565e-09
338,3.38,3.6053881773685994e-09
339,3.39,3.6806905272148292e-09
340,3.4,3.7574022683133786e-09
341,3.41,3.835546655113159e-09
342,3.42,3.915147267557435e-09
343,3.43,3.99622801457083e-09
344,3.44,4.078813137563407e-09
345,3.45,4.1629272139514596e-09
346,3.46,4.248595160694625e-09
347,3.47,4.335842237848921e-09
348,3.48,4.4246940521352915e-09
349,3.49,4.515176560523239e-09
350,3.5,4.6073160738290975e-09
351,3.5100000000000002,4.701139260328489e-09
352,3.52,4.796673149382496e-09
353,3.5300000000000002,4.893945135077059e-09
354,3.54,4.992982979875094e-09
355,3.5500000000000003,5.093814818280819e-09
356,3.56,5.196469160515741e-09
357,3.5700000000000003,5.3009748962057706e-09
358,3.58,5.407361298078876e-09
359,3.59,5.515658025672699e-09
360,3.6,5.625895129051537e-09
361,3.61,5.7381030525320516e-09
362,3.62,5.852312638417086e-09
363,3.63,5.968555130736917e-09
364,3.64,6.086862178997272e-09
365,3.65,6.207265841933415e-09
366,3.66,6.329798591269589e-09
367,3.67,6.454493315483077e-09
368,3.68,6.581383323572128e-09
369,3.69,6.710502348826976e-09
370,3.7,6.841884552603152e-09
371,3.71,6.97556452809628e-09
372,3.72,7.1115773041175086e-09
373,3.73,7.249958348868732e-09
374,3.74,7.390743573716704e-09
375,3.75,7.53396933696516e-09
376,3.7600000000000002,7.679672447623999e-09
377,3.77,7.827890169174594e-09
378,3.7800000000000002,7.978660223330244e-09
379,3.79,8.132020793790785e-09
380,3.8000000000000003,8.28801052999032e-09
381,3.81,8.446668550837043e-09
382,3.8200000000000003,8.608034448444072e-09
383,3.83,8.772148291850193e-09
384,3.84,8.939050630729407e-09
385,3.85,9.108782499088115e-09
386,3.86,9.281385418948783e-09
387,3.87,9.456901404018869e-09
388,3.88,9.635372963343794e-09
389,3.89,9.816843104942698e-09
390,3.9,1.000135533942569e-08
391,3.91,1.0188953683591287e-08
392,3.92,1.0379682664002692e-08
393,3.93,1.0573587320541542e-08
394,3.94,1.0770713209937724e-08
395,3.95,1.0971106409273828e-08
396,3.96,1.117481351946277e-08
397,3.97,1.138188166869709e-08
398,3.98,1.1592358515868404e-08
399,3.99,1.180629225395545e-08
400,4.0,1.2023731613379133e-08
401,4.01,1.2244725865322951e-08
402,4.0200000000000005,1.246932482501714e-08
403,4.03,1.269757885498485e-08
404,4.04,1.2929538868248627e-08
405,4.05,1.3165256331495434e-08
406,4.0600000000000005,1.3404783268198425e-08
407,4.07,1.3648172261693628e-08
408,4.08,1.3895476458209687e-08
409,4.09,1.4146749569848734e-08
410,4.1,1.4402045877516474e-08
411,4.11,1.4661420233799471e-08
412,4.12,1.4924928065787666e-08
413,4.13,1.5192625377840006e-08
414,4.14,1.5464568754291146e-08
415,4.15,1.574081536209705e-08
416,4.16,1.6021422953417338e-08
417,4.17,1.6306449868132122e-08
418,4.18,1.6595955036291137e-08
419,4.19,1.68899979804928e-08
420,4.2,1.7188638818190883e-08
421,4.21,1.749193826392644e-08
422,4.22,1.779995763148248e-08
423,4.23,1.811275883595901e-08
424,4.24,1.843040439576584e-08
425,4.25,1.8752957434530647e-08
426,4.26,1.9080481682919653e-08
427,4.2700000000000005,1.9413041480368282e-08
428,4.28,1.9750701776719078e-08
429,4.29,2.009352813376413e-08
430,4.3,2.0441586726689225e-08
431,4.3100000000000005,2.079494434541685e-08
432,4.32,2.115366839584519e-08
433,4.33,2.151782690098012e-08
434,4.34,2.188748850195724e-08
435,4.3500000000000005,2.226272245895088e-08
436,4.36,2.264359865196698e-08
437,4.37,2.3030187581516694e-08
438,4.38,2.3422560369167524e-08
439,4.39,2.3820788757968687e-08
440,4.4,2.4224945112747456e-08
441,4.41,2.463510242027306e-08
442,4.42,2.5051334289284755e-08
443,4.43,2.547371495038056e-08
444,4.44,2.5902319255763145e-08
445,4.45,2.633722267883926e-08
446,4.46,2.6778501313669066e-08
447,4.47,2.7226231874261658e-08
448,4.48,2.7680491693713007e-08
449,4.49,2.81413587231825e-08
450,4.5,2.8608911530704188e-08
451,4.51,2.9083229299828775e-08
452,4.5200000000000005,2.9564391828092375e-08
453,4.53,3.0052479525307924e-08
454,4.54,3.054757341167514e-08
455,4.55,3.104975511570482e-08
456,4.5600000000000005,3.155910687195319e-08
457,4.57,3.207571151856203e-08
458,4.58,3.259965249460009e-08
459,4.59,3.313101383720148e-08
460,4.6000000000000005,3.366988017849631e-08
461,4.61,3.421633674232919e-08
462,4.62,3.4770469340760746e-08
463,4.63,3.533236437034755e-08
464,4.64,3.590210880819559e-08
465,4.65,3.647979020778238e-08
466,4.66,3.7065496694542917e-08
467,4.67,3.765931696121422e-08
468,4.68,3.8261340262933615e-08
469,4.69,3.887165641208541e-08
470,4.7,3.9490355772890826e-08
471,4.71,4.011752925573586e-08
472,4.72,4.0753268311231636e-08
473,4.73,4.139766492400186e-08
474,4.74,4.2050811606191774e-08
475,4.75,4.271280139069302e-08
476,4.76,4.338372782407872e-08
477,4.7700000000000005,4.406368495924298e-08
478,4.78,4.475276734773895e-08
479,4.79,4.5451070031809605e-08
480,4.8,4.615868853610503e-08
481,4.8100000000000005,4.687571885908033e-08
482,4.82,4.760225746406783e-08
483,4.83,4.8338401270017366e-08
484,4.84,4.908424764189832e-08
485,4.8500000000000005,4.98398943807569e-08
486,4.86,5.0605439713422274e-08
487,4.87,5.138098228185478e-08
488,4.88,5.216662113212969e-08
489,4.89,5.296245570304961e-08
490,4.9,5.376858581437875e-08
491,4.91,5.458511165469201e-08
492,4.92,5.541213376883194e-08
493,4.93,5.6249753044966334e-08
494,4.94,5.7098070701239276e-08
495,4.95,5.7957188272008333e-08
496,4.96,5.882720759366043e-08
497,4.97,5.970823078999892e-08
498,4.98,6.06003602571943e-08
499,4.99,6.150369864829074e-08
500,5.0,6.241834885726078e-08
501,5.01,6.334441400260016e-08
502,5.0200000000000005,6.428199741045497e-08
503,5.03,6.523120259727282e-08
504,5.04,6.619213325197003e-08
505,5.05,6.716489321760647e-08
506,5.0600000000000005,6.814958647255962e-08
507,5.07,6.914631711118947e-08
508,5.08,7.015518932398561e-08
509,5.09,7.117630737718777e-08
510,5.1000000000000005,7.220977559187117e-08
511,5.11,7.325569832248758e-08
512,5.12,7.431417993485327e-08
513,5.13,7.53853247835746e-08
514,5.14,7.646923718890213e-08
515,5.15,7.756602141300391e-08
516,5.16,7.867578163564846e-08
517,5.17,7.979862192928797e-08
518,5.18,8.09346462335321e-08
519,5.19,8.208395832900247e-08
520,5.2,8.324666181055826e-08
521,5.21,8.442286005988254e-08
522,5.22,8.561265621741967e-08
523,5.23,8.681615315365326e-08
524,5.24,8.803345343971449e-08
525,5.25,8.92646593173104e-08
526,5.26,9.050987266796155e-08
527,5.2700000000000005,9.176919498153833e-08
528,5.28,9.304272732408539e-08
529,5.29,9.433057030492297e-08
530,5.3,9.563282404301437e-08
531,5.3100000000000005,9.694958813258839e-08
532,5.32,9.828096160800535e-08
533,5.33,9.962704290785557e-08
534,5.34,1.009879298382786e-07
535,5.3500000000000005,1.0236371953549177e-07
536,5.36,1.0375450842751625e-07
537,5.37,1.0516039219508876e-07
538,5.38,1.0658146573174706e-07
539,5.39,1.0801782310307703e-07
540,5.4,1.0946955750510917e-07
541,5.41,1.1093676122185223e-07
542,5.42,1.1241952558195141e-07
543,5.43,1.1391794091445868e-07
544,5.44,1.154320965037023e-07
545,5.45,1.1696208054324298e-07
546,5.46,1.1850798008890345e-07
547,5.47,1.200698810108586e-07
548,5.48,1.216478679447727e-07
549,5.49,1.232420242419706e-07
550,5.5,1.2485243191862937e-07
551,5.51,1.2647917160397657e-07
552,5.5200000000000005,1.2812232248748172e-07
553,5.53,1.2978196226502696e-07
554,5.54,1.3145816708404286e-07
555,5.55,1.3315101148759532e-07
556,5.5600000000000005,1.3486056835740942e-07
557,5.57,1.3658690885581545e-07
558,5.58,1.3833010236660308e-07
559,5.59,1.4009021643476867e-07
560,5.6000000000000005,1.4186731670514105e-07
561,5.61,1.4366146685987092e-07
562,5.62,1.454727285547686e-07
563,5.63,1.4730116135447522e-07
564,5.64,1.4914682266645174e-07
565,5.65,1.5100976767377064e-07
566,5.66,1.5289004926669437e-07
567,5.67,1.5478771797302502e-07
568,5.68,1.5670282188720942e-07
569,5.69,1.5863540659818333e-07
570,5.7,1.60585515115939e-07
571,5.71,1.625531877967995e-07
572,5.72,1.6453846226738355e-07
573,5.73,1.6654137334724427e-07
574,5.74,1.6856195297016516e-07
575,5.75,1.706002301040965e-07
576,5.76,1.7265623066971517e-07
577,5.7700000000000005,1.747299774575907e-07
578,5.78,1.768214900439406e-07
579,5.79,1.789307847049572e-07
580,5.8,1.8105787432968886e-07
581,5.8100000000000005,1.8320276833145747e-07
582,5.82,1.8536547255779498e-07
583,5.83,1.875459891988804e-07
584,5.84,1.8974431669445975e-07
585,5.8500000000000005,1.9196044963923048e-07
586,5.86,1.9419437868667187e-07
587,5.87,1.9644609045130328e-07
588,5.88,1.9871556740935136e-07
589,5.89,2.0100278779780753e-07
590,5.9,2.0330772551185673e-07
591,5.91,2.056303500006586e-07
592,5.92,2.0797062616146163e-07
593,5.93,2.1032851423203135e-07
594,5.94,2.127039696813725e-07
595,5.95,2.1509694309872628e-07
596,5.96,2.1750738008082231e-07
597,5.97,2.199352211173659e-07
598,5.98,2.2238040147474032e-07
599,5.99,2.2484285107790417e-07
600,6.0,2.273224943904632e-07
601,6.01,2.2981925029289654e-07
602,6.0200000000000005,2.3233303195891655e-07
603,6.03,2.3486374672994172e-07
604,6.04,2.3741129598766166e-07
605,6.05,2.399755750246734e-07
606,6.0600000000000005,2.4255647291316757e-07
607,6.07,2.451538723716437e-07
608,6.08,2.477676496296329e-07
609,6.09,2.503976742904064e-07
610,6.1000000000000005,2.530438091916488e-07
611,6.11,2.557059102640735e-07
612,6.12,2.583838263879592e-07
613,6.13,2.6107739924758476e-07
614,6.140000000000001,2.637864631835408e-07
615,6.15,2.6651084504289557e-07
616,6.16,2.692503640271923e-07
617,6.17,2.7200483153825625e-07
618,6.18,2.7477405102178807e-07
619,6.19,2.775578178087211e-07
620,6.2,2.803559189543195e-07
621,6.21,2.8316813307499425e-07
622,6.22,2.859942301828139e-07
623,6.23,2.8883397151768645e-07
624,6.24,2.9168710937718963e-07
625,6.25,2.945533869440251e-07
626,6.26,2.974325381110738e-07
627,6.2700000000000005,3.003242873040282e-07
628,6.28,3.032283493015776e-07
629,6.29,3.0614442905312266e-07
630,6.3,3.0907222149399476e-07
631,6.3100000000000005,3.1201141135815627e-07
632,6.32,3.1496167298835715e-07
633,6.33,3.1792267014372347e-07
634,6.34,3.2089405580475325e-07
635,6.3500000000000005,3.2387547197569523e-07
636,6.36,3.2686654948428525e-07
637,6.37,3.298669077788158e-07
638,6.38,3.328761547225136e-07
639,6.390000000000001,3.358938863852001e-07
640,6.4,3.389196868322094e-07
641,6.41,3.419531279105391e-07
642,6.42,3.4499376903220783e-07
643,6.43,3.480411569547942e-07
644,6.44,3.5109482555913204e-07
645,6.45,3.541542956241354e-07
646,6.46,3.5721907459872836e-07
647,6.47,3.6028865637085347e-07
648,6.48,3.6336252103353253e-07
649,6.49,3.6644013464795416e-07
650,6.5,3.695209490035618e-07
651,6.51,3.726044013751161e-07
652,6.5200000000000005,3.7568991427670486e-07
653,6.53,3.787768952126753e-07
654,6.54,3.818647364254607e-07
655,6.55,3.8495281464027655e-07
656,6.5600000000000005,3.8804049080665785e-07
657,6.57,3.9112710983681257e-07
658,6.58,3.9421200034076346e-07
659,6.59,3.972944743582519e-07
660,6.6000000000000005,4.0037382708737673e-07
661,6.61,4.034493366099412e-07
662,6.62,4.065202636134812e-07
663,6.63,4.0958585110994783e-07
664,6.640000000000001,4.126453241510165e-07
665,6.65,4.156978895399967e-07
666,6.66,4.1874273554031403e-07
667,6.67,4.2177903158053816e-07
668,6.68,4.248059279559289e-07
669,6.69,4.278225555264734e-07
670,6.7,4.308280254113873e-07
671,6.71,4.338214286800517e-07
672,6.72,4.3680183603935954e-07
673,6.73,4.3976829751744326e-07
674,6.74,4.427198421437568e-07
675,6.75,4.4565547762548395e-07
676,6.76,4.485741900202461e-07
677,6.7700000000000005,4.514749434050814e-07
678,6.78,4.543566795416684e-07
679,6.79,4.572183175377657e-07
680,6.8,4.600587535048416e-07
681,6.8100000000000005,4.6287686021186466e-07
682,6.82,4.6567148673522836e-07
683,6.83,4.6844145810478277e-07
684,6.84,4.7118557494594486e-07
685,6.8500000000000005,4.739026131178606e-07
686,6.86,4.765913233475909e-07
687,6.87,4.792504308602947e-07
688,6.88,4.818786350053806e-07
689,6.890000000000001,4.844746088786009e-07
690,6.9,4.870369989400598e-07
691,6.91,4.89564424628109e-07
692,6.92,4.920554779691023e-07
693,6.93,4.945087231829843e-07
694,6.94,4.969226962846828e-07
695,6.95,4.992959046812809e-07
696,6.96,5.01626826764939e-07
697,6.97,5.039139115015424e-07
698,6.98,5.061555780150445e-07
699,6.99,5.083502151674815e-07
700,7.0,5.104961811346299e-07
701,7.01,5.125918029772811e-07
702,7.0200000000000005,5.146353762081058e-07
703,7.03,5.166251643540825e-07
704,7.04,5.185593985144621e-07
705,7.05,5.204362769142441e-07
706,7.0600000000000005,5.222539644531368e-07
707,7.07,5.24010592249976e-07
708,7.08,5.257042571825753e-07
709,7.09,5.273330214229835e-07
710,7.1000000000000005,5.288949119681221e-07
711,7.11,5.303879201657775e-07
712,7.12,5.318100012359226e-07
713,7.13,5.331590737873421e-07
714,7.140000000000001,5.344330193295368e-07
715,7.15,5.356296817798809e-07
716,7.16,5.367468669660079e-07
717,7.17,5.377823421234005e-07
718,7.18,5.387338353881595e-07
719,7.19,5.395990352849269e-07
720,7.2,5.403755902099404e-07
721,7.21,5.410611079091926e-07
722,7.22,5.416531549516741e-07
723,7.23,5.42149256197674e-07
724,7.24,5.425468942621167e-07
725,7.25,5.428435089729094e-07
726,7.26,5.43036496824279e-07
727,7.2700000000000005,5.431232104250743e-07
728,7.28,5.431009579420127e-07
729,7.29,5.429670025378457e-07
730,7.3,5.427185618044246e-07
731,7.3100000000000005,5.423528071906426e-07
732,7.32,5.418668634252309e-07
733,7.33,5.412578079343899e-07
734,7.34,5.405226702542318e-07
735,7.3500000000000005,5.396584314380146e-07
736,7.36,5.386620234581482e-07
737,7.37,5.375303286029497e-07
738,7.38,5.362601788681301e-07
739,7.390000000000001,5.348483553429919e-07
740,7.4,5.332915875913174e-07
741,7.41,5.3158655302693e-07
742,7.42,5.297298762839088e-07
743,7.43,5.27718128581438e-07
744,7.44,5.255478270832737e-07
745,7.45,5.23215434251809e-07
746,7.46,5.207173571967219e-07
747,7.47,5.180499470181866e-07
748,7.48,5.152094981446333e-07
749,7.49,5.121922476650395e-07
750,7.5,5.089943746557368e-07
751,7.51,5.056119995017174e-07
752,7.5200000000000005,5.020411832124255e-07
753,7.53,4.98277926732019e-07
754,7.54,4.943181702440863e-07
755,7.55,4.90157792470805e-07
756,7.5600000000000005,4.857926099665288e-07
757,7.57,4.812183764057891e-07
758,7.58,4.764307818656994e-07
759,7.59,4.7142545210274933e-07
760,7.6000000000000005,4.6619794782397777e-07
761,7.61,4.6074376395251245e-07
762,7.62,4.550583288874664e-07
763,7.63,4.4913700375818014e-07
764,7.640000000000001,4.4297508167280024e-07
765,7.65,4.3656778696118484e-07
766,7.66,4.2991027441212706e-07
767,7.67,4.2299762850488843e-07
768,7.68,4.1582486263503424e-07
769,7.69,4.083869183345638e-07
770,7.7,4.006786644863287e-07
771,7.71,3.926948965327335e-07
772,7.72,3.8443033567871237e-07
773,7.73,3.758796280889775e-07
774,7.74,3.670373440795348e-07
775,7.75,3.5789797730346233e-07
776,7.76,3.4845594393094944e-07
777,7.7700000000000005,3.3870558182359285e-07
778,7.78,3.286411497029485e-07
779,7.79,3.1825682631333746e-07
780,7.8,3.0754670957890525e-07
781,7.8100000000000005,2.9650481575493456e-07
782,7.82,2.8512507857341187e-07
783,7.83,2.734013483828493e-07
784,7.84,2.613273912823634e-07
785,7.8500000000000005,2.4889688825001416e-07
786,7.86,2.3610343426540665e-07
787,7.87,2.229405374265599e-07
788,7.88,2.0940161806104763e-07
789,7.890000000000001,1.954800078314163e-07
790,7.9,1.8116894883488668e-07
791,7.91,1.6646159269734566e-07
792,7.92,1.5135099966163653e-07
793,7.930000000000001,1.3583013767015567e-07
794,7.94,1.198918814417651e-07
795,7.95,1.03529011543031e-07
796,7.96,8.673421345379893e-08
797,7.97,6.950007662711743e-08
798,7.98,5.181909354352239e-08
799,7.99,3.3683658759695535e-08
800,8.0,1.5086067951511154e-08
801,8.01,-3.98148304851401e-09
802,8.02,-2.3526899219351845e-08
803,8.03,-4.355818732515823e-08
804,8.040000000000001,-6.408345689451509e-08
805,8.05,-8.511092120520071e-08
806,8.06,-1.0664889827446886e-07
807,8.07,-1.287058118548165e-07
808,8.08,-1.5129019243521888e-07
809,8.09,-1.744106782478097e-07
810,8.1,-1.9807601627998355e-07
811,8.11,-2.222950632918964e-07
812,8.120000000000001,-2.4707678683933903e-07
813,8.13,-2.724302663019576e-07
814,8.14,-2.983646939167941e-07
815,8.15,-3.248893758171194e-07
816,8.16,-3.5201373307652866e-07
817,8.17,-3.797473027582704e-07
818,8.18,-4.080997389697773e-07
819,8.19,-4.37080813922367e-07
820,8.2,-4.667004189960797e-07
821,8.21,-4.969685658096184e-07
822,8.22,-5.27895387295356e-07
823,8.23,-5.594911387793738e-07
824,8.24,-5.91766199066493e-07
825,8.25,-6.247310715302613e-07
826,8.26,-6.583963852078542e-07
827,8.27,-6.927728958998505e-07
828,8.28,-7.278714872748408e-07
829,8.290000000000001,-7.637031719788237e-07
830,8.3,-8.002790927493482e-07
831,8.31,-8.376105235343539e-07
832,8.32,-8.757088706156648e-07
833,8.33,-9.145856737370869e-07
834,8.34,-9.542526072370621e-07
835,8.35,-9.947214811858266e-07
836,8.36,-1.036004242527023e-06
837,8.370000000000001,-1.0781129762237136e-06
838,8.38,-1.1210599064087398e-06
839,8.39,-1.1648573975393728e-06
840,8.4,-1.2095179555562e-06
841,8.41,-1.2550542290461867e-06
842,8.42,-1.3014790104098566e-06
843,8.43,-1.3488052370325281e-06
844,8.44,-1.3970459924595466e-06
845,8.45,-1.4462145075754486e-06
846,8.46,-1.4963241617869923e-06
847,8.47,-1.547388484209991e-06
848,8.48,-1.599421154859879e-06
849,8.49,-1.652436005845944e-06
850,8.5,-1.7064470225691547e-06
851,8.51,-1.7614683449235117e-06
852,8.52,-1.81751426850085e-06
853,8.53,-1.8745992457990175e-06
854,8.540000000000001,-1.932737887433355e-06
855,8.55,-1.9919449633513985e-06
856,8.56,-2.0522354040507293e-06
857,8.57,-2.1136243017998853e-06
858,8.58,-2.176126911862257e-06
859,8.59,-2.2397586537228854e-06
860,8.6,-2.3045351123180706e-06
861,8.61,-2.3704720392677153e-06
862,8.620000000000001,-2.4375853541103046e-06
863,8.63,-2.505891145540442e-06
864,8.64,-2.5754056726488448e-06
865,8.65,-2.646145366164708e-06
866,8.66,-2.718126829700346e-06
867,8.67,-2.791366840998012e-06
868,8.68,-2.8658823531788004e-06
869,8.69,-2.9416904959935337e-06
870,8.700000000000001,-3.0188085770755328e-06
871,8.71,-3.0972540831951686e-06
872,8.72,-3.177044681516093e-06
873,8.73,-3.2581982208530404e-06
874,8.74,-3.3407327329310986e-06
875,8.75,-3.4246664336463345e-06
876,8.76,-3.510017724327668e-06
877,8.77,-3.596805192999883e-06
878,8.78,-3.685047615647656e-06
879,8.790000000000001,-3.7747639574804984e-06
880,8.8,-3.86597337419848e-06
881,8.81,-3.95869521325863e-06
882,8.82,-4.0529490151418825e-06
883,8.83,-4.1487545146204575e-06
884,8.84,-4.24613164202554e-06
885,8.85,-4.345100524515139e-06
886,8.86,-4.445681487342e-06
887,8.870000000000001,-4.547895055121433e-06
888,8.88,-4.65176195309894e-06
889,8.89,-4.757303108417492e-06
890,8.9,-4.864539651384335e-06
891,8.91,-4.973492916737175e-06
892,8.92,-5.084184444909621e-06
893,8.93,-5.196635983295728e-06
894,8.94,-5.310869487513509e-06
895,8.950000000000001,-5.4269071226672696e-06
896,8.96,-5.544771264608618e-06
897,8.97,-5.6644845011960036e-06
898,8.98,-5.786069633552634e-06
899,8.99,-5.909549677322622e-06
900,9.0,-6.034947863925206e-06
901,9.01,-6.162287641806889e-06
902,9.02,-6.291592677691344e-06
903,9.03,-6.4228868578269126e-06
904,9.040000000000001,-6.556194289231562e-06
905,9.05,-6.691539300935106e-06
906,9.06,-6.8289464452185495e-06
907,9.07,-6.968440498850381e-06
908,9.08,-7.1100464643196386e-06
909,9.09,-7.253789571065593e-06
910,9.1,-7.399695276703858e-06
911,9.11,-7.547789268248771e-06
912,9.120000000000001,-7.698097463331852e-06
913,9.13,-7.850646011416173e-06
914,9.14,-8.005461295006449e-06
915,9.15,-8.16256993085468e-06
916,9.16,-8.321998771161142e-06
917,9.17,-8.48377490477056e-06
918,9.18,-8.64792565836326e-06
919,9.19,-8.814478597641113e-06
920,9.200000000000001,-8.983461528508079e-06
921,9.21,-9.154902498245168e-06
922,9.22,-9.328829796679594e-06
923,9.23,-9.505271957347951e-06
924,9.24,-9.684257758653198e-06
925,9.25,-9.865816225015244e-06
926,9.26,-1.0049976628014945e-05
927,9.27,-1.0236768487531291e-05
928,9.28,-1.0426221572871582e-05
929,9.290000000000001,-1.0618365903894378e-05
930,9.3,-1.0813231752125016e-05
931,9.31,-1.1010849641863468e-05
932,9.32,-1.1211250351284337e-05
933,9.33,-1.1414464913528756e-05
934,9.34,-1.1620524617787987e-05
935,9.35,-1.1829461010378477e-05
936,9.36,-1.2041305895808164e-05
937,9.370000000000001,-1.2256091337833788e-05
938,9.38,-1.2473849660508999e-05
939,9.39,-1.2694613449223001e-05
940,9.4,-1.291841555172953e-05
941,9.41,-1.31452890791659e-05
942,9.42,-1.3375267407061917e-05
943,9.43,-1.3608384176338368e-05
944,9.44,-1.3844673294294902e-05
945,9.450000000000001,-1.4084168935587012e-05
946,9.46,-1.4326905543191897e-05
947,9.47,-1.4572917829362946e-05
948,9.48,-1.4822240776572597e-05
949,9.49,-1.507490963844332e-05
950,9.5,-1.5330959940666464e-05
951,9.51,-1.5590427481908715e-05
952,9.52,-1.5853348334705917e-05
953,9.53,-1.6119758846343963e-05
954,9.540000000000001,-1.6389695639726536e-05
955,9.55,-1.66631956142294e-05
956,9.56,-1.6940295946541003e-05
957,9.57,-1.7221034091489085e-05
958,9.58,-1.750544778285307e-05
959,9.59,-1.779357503416192e-05
960,9.6,-1.808545413947721e-05
961,9.61,-1.8381123674161145e-05
962,9.620000000000001,-1.86806224956292e-05
963,9.63,-1.8983989744087158e-05
964,9.64,-1.9291264843252237e-05
965,9.65,-1.9602487501058e-05
966,9.66,-1.9917697710342808e-05
967,9.67,-2.023693574952147e-05
968,9.68,-2.0560242183239862e-05
969,9.69,-2.0887657863012172e-05
970,9.700000000000001,-2.1219223927840488e-05
971,9.71,-2.1554981804816447e-05
972,9.72,-2.189497320970463e-05
973,9.73,-2.223924014750742e-05
974,9.74,-2.258782491301099e-05
975,9.75,-2.294077009131214e-05
976,9.76,-2.329811855832569e-05
977,9.77,-2.3659913481272065e-05
978,9.78,-2.402619831914483e-05
979,9.790000000000001,-2.4397016823157817e-05
980,9.8,-2.4772413037171525e-05
981,9.81,-2.5152431298098533e-05
982,9.82,-2.5537116236287532e-05
983,9.83,-2.5926512775885716e-05
984,9.84,-2.6320666135179174e-05
985,9.85,-2.671962182691098e-05
986,9.86,-2.712342565857664e-05
987,9.870000000000001,-2.7532123732696598e-05
988,9.88,-2.7945762447065418e-05
989,9.89,-2.8364388494977373e-05
990,9.9,-2.8788048865428068e-05
991,9.91,-2.921679084329177e-05
992,9.92,-2.965066200947412e-05
993,9.93,-3.0089710241039893e-05
994,9.94,-3.053398371131542e-05
995,9.950000000000001,-3.098353088996544e-05
996,9.96,-3.143840054304385e-05
997,9.97,-3.189864173301826e-05
998,9.98,-3.236430381876777e-05
999,9.99,-3.2835436455553766e-05
1000,10.0,-3.331208959496335e-05
1001,10.01,-3.3794313484825015e-05
1002,10.02,-3.4282158669096296e-05
1003,10.03,-3.477567598772292e-05
1004,10.040000000000001,-3.527491657646925e-05
1005,10.05,-3.577993186671953e-05
1006,10.06,-3.629077358524964e-05
1007,10.07,-3.680749375396902e-05
1008,10.08,-3.733014468963236e-05
1009,10.09,-3.785877900352068e-05
1010,10.1,-3.83934496010915e-05
1011,10.11,-3.893420968159767e-05
1012,10.120000000000001,-3.9481112737674546e-05
1013,10.13,-4.00342125548951e-05
1014,10.14,-4.0593563211292636e-05
1015,10.15,-4.1159219076850665e-05
1016,10.16,-4.17312348129597e-05
1017,10.17,-4.2309665371840474e-05
1018,10.18,-4.2894565995933233e-05
1019,10.19,-4.34859922172528e-05
1020,10.200000000000001,-4.408399985670894e-05
1021,10.21,-4.4688645023391724e-05
1022,10.22,-4.529998411382144e-05
1023,10.23,-4.591807381116276e-05
1024,10.24,-4.654297108440267e-05
1025,10.25,-4.717473318749192e-05
1026,10.26,-4.7813417658449456e-05
1027,10.27,-4.845908231842961e-05
1028,10.28,-4.9111785270751526e-05
1029,10.290000000000001,-4.977158489989051e-05
1030,10.3,-5.043853987043093e-05
1031,10.31,-5.11127091259802e-05
1032,10.32,-5.179415188804355e-05
1033,10.33,-5.2482927654859155e-05
1034,10.34,-5.317909620019322e-05
1035,10.35,-5.3882717572094636e-05
1036,10.36,-5.459385209160886e-05
1037,10.370000000000001,-5.5312560351450545e-05
1038,10.38,-5.6038903214634643e-05
1039,10.39,-5.677294181306544e-05
1040,10.4,-5.751473754608329e-05
1041,10.41,-5.826435207896851e-05
1042,10.42,-5.902184734140217e-05
1043,10.43,-5.9787285525883294e-05
1044,10.44,-6.0560729086102075e-05
1045,10.450000000000001,-6.134224073526882e-05
1046,10.46,-6.213188344439809e-05
1047,10.47,-6.292972044054768e-05
1048,10.48,-6.373581520501218e-05
1049,10.49,-6.455023147147043e-05
1050,10.5,-6.537303322408685e-05
1051,10.51,-6.620428469556585e-05
1052,10.52,-6.704405036515926e-05
1053,10.53,-6.789239495662622e-05
1054,10.540000000000001,-6.874938343614511e-05
1055,10.55,-6.961508101017722e-05
1056,10.56,-7.04895531232817e-05
1057,10.57,-7.137286545588142e-05
1058,10.58,-7.226508392197935e-05
1059,10.59,-7.316627466682503e-05
1060,10.6,-7.407650406453078e-05
1061,10.61,-7.499583871563721e-05
1062,10.620000000000001,-7.592434544462766e-05
1063,10.63,-7.686209129739123e-05
1064,10.64,-7.78091435386339e-05
1065,10.65,-7.876556964923739e-05
1066,10.66,-7.973143732356544e-05
1067,10.67,-8.070681446671698e-05
1068,10.68,-8.169176919172597e-05
1069,10.69,-8.268636981670733e-05
1070,10.700000000000001,-8.369068486194876e-05
1071,10.71,-8.470478304694789e-05
1072,10.72,-8.572873328739449e-05
1073,10.73,-8.676260469209733e-05
1074,10.74,-8.780646655985529e-05
1075,10.75,-8.886038837627228e-05
1076,10.76,-8.992443981051571e-05
1077,10.77,-9.099869071201806e-05
1078,10.78,-9.208321110712108e-05
1079,10.790000000000001,-9.317807119566244e-05
1080,10.8,-9.428334134750432e-05
1081,10.81,-9.53990920990035e-05
1082,10.82,-9.652539414942278e-05
1083,10.83,-9.766231835728312e-05
1084,10.84,-9.880993573665637e-05
1085,10.85,-9.996831745339792e-05
1086,10.86,-0.00010113753482131926
1087,10.870000000000001,-0.00010231765929829975
1088,10.88,-0.00010350876248233745
1089,10.89,-0.00010471091610753852
1090,10.9,-0.00010592419204004496
1091,10.91,-0.00010714866227390015
1092,10.92,-0.00010838439892685204
1093,10.93,-0.00010963147423609342
1094,10.94,-0.00011088996055393911
1095,10.950000000000001,-0.00011215993034343953
1096,10.96,-0.00011344145617393051
1097,10.97,-0.00011473461071651881
1098,10.98,-0.00011603946673950306
1099,10.99,-0.00011735609710372988
1100,11.0,-0.00011868457475788461
1101,11.01,-0.00012002497273371666
1102,11.02,-0.00012137736414119868
1103,11.03,-0.00012274182216361973
1104,11.040000000000001,-0.00012411842005261166
1105,11.05,-0.0001255072311231087
1106,11.06,-0.00012690832874823977
1107,11.07,-0.00012832178635415324
1108,11.08,-0.00012974767741477384
1109,11.09,-0.00013118607544649133
1110,11.1,-0.00013263705400278067
1111,11.11,-0.0001341006866687534
1112,11.120000000000001,-0.00013557704705563996
1113,11.13,-0.0001370662087952024
1114,11.14,-0.00013856824553407763
1115,11.15,-0.00014008323092805038
1116,11.16,-0.0001416112386362561
1117,11.17,-0.00014315234231531307
1118,11.18,-0.0001447066156133837
1119,11.19,-0.00014627413216416476
1120,11.200000000000001,-0.00014785496558080598
1121,11.21,-0.00014944918944975708
1122,11.22,-0.0001510568773245427
1123,11.23,-0.00015267810271946526
1124,11.24,-0.00015431293910323505
1125,11.25,-0.00015596145989252777
1126,11.26,-0.00015762373844546896
1127,11.27,-0.00015929984805504514
1128,11.28,-0.00016098986194244144
1129,11.290000000000001,-0.0001626938532503055
1130,11.3,-0.00016441189503593737
1131,11.31,-0.00016614406026440513
1132,11.32,-0.00016789042180158614
1133,11.33,-0.00016965105240713353
1134,11.34,-0.00017142602472736785
1135,11.35,-0.00017321541128809364
1136,11.36,-0.0001750192844873406
1137,11.370000000000001,-0.00017683771658802937
1138,11.38,-0.0001786707797105614
1139,11.39,-0.00018051854582533324
1140,11.4,-0.00018238108674517432
1141,11.41,-0.00018425847411770885
1142,11.42,-0.000186150779417641
1143,11.43,-0.0001880580739389636
1144,11.44,-0.00018998042878709006
1145,11.450000000000001,-0.0001919179148709092
1146,11.46,-0.00019387060289476315
1147,11.47,-0.00019583856335034792
1148,11.48,-0.00019782186650853657
1149,11.49,-0.0001998205824111249
1150,11.5,-0.00020183478086249946
1151,11.51,-0.00020386453142122774
1152,11.52,-0.00020590990339157053
1153,11.53,-0.00020797096581491622
1154,11.540000000000001,-0.00021004778746113698
1155,11.55,-0.00021214043681986678
1156,11.56,-0.00021424898209170099
1157,11.57,-0.0002163734911793177
1158,11.58,-0.00021851403167852043
1159,11.59,-0.00022067067086920246
1160,11.6,-0.00022284347570623235
1161,11.61,-0.0002250325128102609
1162,11.620000000000001,-0.00022723784845844937
1163,11.63,-0.00022945954857511887
1164,11.64,-0.00023169767872232097
1165,11.65,-0.00023395230409032944
1166,11.66,-0.00023622348948805315
1167,11.67,-0.00023851129933337003
1168,11.68,-0.00024081579764338213
1169,11.69,-0.00024313704802459183
1170,11.700000000000001,-0.00024547511366299903
1171,11.71,-0.00024783005731411964
1172,11.72,-0.00025020194129292503
1173,11.73,-0.00025259082746370267
1174,11.74,-0.000254996777229838
1175,11.75,-0.0002574198515235176
1176,11.76,-0.00025986011079535346
1177,11.77,-0.0002623176150039288
1178,11.78,-0.0002647924236052651
1179,11.790000000000001,-0.0002672845955422108
1180,11.8,-0.0002697941892337516
1181,11.81,-0.00027232126256424206
1182,11.82,-0.0002748658728725594
1183,11.83,-0.000277428076941179
1184,11.84,-0.00028000793098517185
1185,11.85,-0.00028260549064112425
1186,11.86,-0.0002852208109559795
1187,11.870000000000001,-0.0002878539463758022
1188,11.88,-0.0002905049507344651
1189,11.89,-0.0002931738772422585
1190,11.9,-0.00029586077847442284
1191,11.91,-0.0002985657063596037
1192,11.92,-0.000301288712168231
1193,11.93,-0.00030402984650082065
1194,11.94,-0.0003067891592762006
1195,11.950000000000001,-0.00030956669971966036
1196,11.96,-0.0003123625163510247
1197,11.97,-0.0003151766569726517
1198,11.98,-0.0003180091686573553
1199,11.99,-0.0003208600977362527
1200,12.0,-0.00032372948978653704
1201,12.01,-0.000326617389619175
1202,12.02,-0.0003295238412665305
1203,12.030000000000001,-0.0003324488879699139
1204,12.040000000000001,-0.00033539257216705804
1205,12.05,-0.00033835493547952004
1206,12.06,-0.00034133601870001064
1207,12.07,-0.0003443358617796504
1208,12.08,-0.0003473545038151535
1209,12.09,-0.0003503919830359397
1210,12.1,-0.0003534483367911739
1211,12.11,-0.00035652360153673533
1212,12.120000000000001,-0.00035961781282211475
1213,12.13,-0.00036273100527724184
1214,12.14,-0.00036586321259924194
1215,12.15,-0.0003690144675391233
1216,12.16,-0.00037218480188839473
1217,12.17,-0.00037537424646561483
1218,12.18,-0.00037858283110287226
1219,12.19,-0.00038181058463219824
1220,12.200000000000001,-0.00038505753487191164
1221,12.21,-0.00038832370861289686
1222,12.22,-0.00039160913160481527
1223,12.23,-0.00039491382854225053
1224,12.24,-0.00039823782305078856
1225,12.25,-0.00040158113767303235
1226,12.26,-0.00040494379385455235
1227,12.27,-0.000408325811929773
1228,12.280000000000001,-0.0004117272111077959
1229,12.290000000000001,-0.00041514800945816006
1230,12.3,-0.0004185882238965403
1231,12.31,-0.0004220478701703837
1232,12.32,-0.00042552696284448515
1233,12.33,-0.0004290255152865027
1234,12.34,-0.00043254353965241295
1235,12.35,-0.0004360810468719075
1236,12.36,-0.00043963804663373085
1237,12.370000000000001,-0.00044321454737096045
1238,12.38,-0.00044681055624622986
1239,12.39,-0.00045042607913689536
1240,12.4,-0.0004540611206201468
1241,12.41,-0.0004577156839580635
1242,12.42,-0.0004613897710826159
1243,12.43,-0.0004650833825806137
1244,12.44,-0.00046879651767860094
1245,12.450000000000001,-0.0004725291742276995
1246,12.46,-0.00047628134868840096
1247,12.47,-0.00048005303611530815
1248,12.48,-0.000483844230141827
1249,12.49,-0.0004876549229648096
1250,12.5,-0.0004914851053291489
1251,12.51,-0.0004953347665123268
1252,12.52,-0.000499203894308915
1253,12.530000000000001,-0.0005030924750150318
1254,12.540000000000001,-0.0005070004934127522
1255,12.55,-0.0005109279327544765
1256,12.56,-0.0005148747747472542
1257,12.57,-0.0005188409995370672
1258,12.58,-0.0005228265856930711
1259,12.59,-0.0005268315101917974
1260,12.6,-0.0005308557484013156
1261,12.61,-0.0005348992740653578
1262,12.620000000000001,-0.0005389620592874056
1263,12.63,-0.0005430440745147415
1264,12.64,-0.0005471452885224641
1265,12.65,-0.0005512656683974702
1266,12.66,-0.0005554051795224027
1267,12.67,-0.0005595637855595674
1268,12.68,-0.0005637414484348176
1269,12.69,-0.0005679381283214095
1270,12.700000000000001,-0.0005721537836238285
1271,12.71,-0.0005763883709615873
1272,12.72,-0.0005806418451529977
1273,12.73,-0.0005849141591989163
1274,12.74,-0.0005892052642664658
1275,12.75,-0.0005935151096727335
1276,12.76,-0.0005978436428684469
1277,12.77,-0.000602190809421628
1278,12.780000000000001,-0.0006065565530012288
1279,12.790000000000001,-0.0006109408153607469
1280,12.8,-0.0006153435363218248
1281,12.81,-0.0006197646537578315
1282,12.82,-0.0006242041035774304
1283,12.83,-0.0006286618197081328
1284,12.84,-0.0006331377340798387
1285,12.85,-0.0006376317766083664
1286,12.86,-0.0006421438751789728
1287,12.870000000000001,-0.0006466739556298636
1288,12.88,-0.0006512219417356976
1289,12.89,-0.0006557877551910837
1290,12.9,-0.0006603713155940742
1291,12.91,-0.0006649725404296535
1292,12.92,-0.0006695913450532261
1293,12.93,-0.0006742276426741027
1294,12.94,-0.000678881344338988
1295,12.950000000000001,-0.0006835523589154694
1296,12.96,-0.0006882405930755108
1297,12.97,-0.0006929459512789499
1298,12.98,-0.0006976683357570025
1299,12.99,-0.0007024076464957749
1300,13.0,-0.0007071637812197846
1301,13.01,-0.0007119366353754926
1302,13.02,-0.0007167261021148475
1303,13.030000000000001,-0.0007215320722788435
1304,13.040000000000001,-0.0007263544343810936
1305,13.05,-0.0007311930745914194
1306,13.06,-0.0007360478767194591
1307,13.07,-0.0007409187221982954
1308,13.08,-0.0007458054900681053
1309,13.09,-0.0007507080569598317
1310,13.1,-0.0007556262970788803
1311,13.11,-0.0007605600821888426
1312,13.120000000000001,-0.0007655092815952465
1313,13.13,-0.0007704737621293358
1314,13.14,-0.0007754533881318814
1315,13.15,-0.0007804480214370245
1316,13.16,-0.0007854575213561543
1317,13.17,-0.0007904817446618215
1318,13.18,-0.0007955205455716896
1319,13.19,-0.0008005737757325252
1320,13.200000000000001,-0.0008056412842042292
1321,13.21,-0.0008107229174439111
1322,13.22,-0.0008158185192900073
1323,13.23,-0.0008209279309464455
1324,13.24,-0.0008260509909668574
1325,13.25,-0.0008311875352388407
1326,13.26,-0.0008363373969682721
1327,13.27,-0.0008415004066636744
1328,13.280000000000001,-0.0008466763921206379
1329,13.290000000000001,-0.0008518651784062984
1330,13.3,-0.0008570665878438741
1331,13.31,-0.0008622804399972633
1332,13.32,-0.0008675065516557032
1333,13.33,-0.0008727447368184934
1334,13.34,-0.0008779948066797857
1335,13.35,-0.0008832565696134405
1336,13.36,-0.0008885298311579543
1337,13.370000000000001,-0.0008938143940014572
1338,13.38,-0.0008991100579667847
1339,13.39,-0.0009044166199966252
1340,13.4,-0.0009097338741387432
1341,13.41,-0.0009150616115312829
1342,13.42,-0.0009203996203881527
1343,13.43,-0.0009257476859844923
1344,13.44,-0.0009311055906422249
1345,13.450000000000001,-0.0009364731137156964
1346,13.46,-0.0009418500315774033
1347,13.47,-0.0009472361176038115
1348,13.48,-0.0009526311421612683
1349,13.49,-0.0009580348725920085
1350,13.5,-0.0009634470732002577
1351,13.51,-0.0009688675052384346
1352,13.52,-0.000974295926893454
1353,13.530000000000001,-0.0009797320932731326
1354,13.540000000000001,-0.0009851757563926998
1355,13.55,-0.0009906266651614154
1356,13.56,-0.0009960845653692962
1357,13.57,-0.0010015491996739543
1358,13.58,-0.0010070203075875472
1359,13.59,-0.0010124976254638448
1360,13.6,-0.0010179808864854123
1361,13.61,-0.0010234698206509133
1362,13.620000000000001,-0.0010289641547625338
1363,13.63,-0.0010344636124135303
1364,13.64,-0.0010399679139759031
1365,13.65,-0.001045476776588198
1366,13.66,-0.0010509899141434374
1367,13.67,-0.001056507037277183
1368,13.68,-0.0010620278533557343
1369,13.69,-0.0010675520664644616
1370,13.700000000000001,-0.0010730793773962787
1371,13.71,-0.0010786094836402558
1372,13.72,-0.0010841420793703748
1373,13.73,-0.0010896768554344302
1374,13.74,-0.0010952134993430767
1375,13.75,-0.0011007516952590262
1376,13.76,-0.0011062911239863964
1377,13.77,-0.0011118314629602127
1378,13.780000000000001,-0.001117372386236066
1379,13.790000000000001,-0.0011229135644799293
1380,13.8,-0.0011284546649581327
1381,13.81,-0.001133995351527503
1382,13.82,-0.001139535284625666
1383,13.83,-0.0011450741212615176
1384,13.84,-0.0011506115150058615
1385,13.85,-0.0011561471159822203
1386,13.86,-0.0011616805708578191
1387,13.870000000000001,-0.0011672115228347445
1388,13.88,-0.001172739611641282
1389,13.89,-0.0011782644735234338
1390,13.9,-0.001183785741236618
1391,13.91,-0.001189303044037553
1392,13.92,-0.0011948160076763288
1393,13.93,-0.001200324254388667
1394,13.94,-0.0012058274028883724
1395,13.950000000000001,-0.0012113250683599773
1396,13.96,-0.0012168168624515827
1397,13.97,-0.0012223023932678967
1398,13.98,-0.0012277812653634734
1399,13.99,-0.0012332530797361538
1400,14.0,-0.0012387174338207118
1401,14.01,-0.0012441739214827077
1402,14.02,-0.0012496221330125493
1403,14.030000000000001,-0.0012550616551197653
1404,14.040000000000001,-0.0012604920709274928
1405,14.05,-0.0012659129599671799
1406,14.06,-0.0012713238981735065
1407,14.07,-0.0012767244578795257
1408,14.08,-0.0012821142078120273
1409,14.09,-0.0012874927130871268
1410,14.1,-0.0012928595352060803
1411,14.11,-0.0012982142320513302
1412,14.120000000000001,-0.0013035563578827807
1413,14.13,-0.001308885463334308
1414,14.14,-0.0013142010954105062
1415,14.15,-0.0013195027974836706
1416,14.16,-0.0013247901092910228
1417,14.17,-0.0013300625669321765
1418,14.18,-0.0013353197028668495
1419,14.19,-0.001340561045912822
1420,14.200000000000001,-0.0013457861212441437
1421,14.21,-0.0013509944503895925
1422,14.22,-0.0013561855512313871
1423,14.23,-0.0013613589380041546
1424,14.24,-0.0013665141212941558
1425,14.25,-0.0013716506080387713
1426,14.26,-0.0013767679015262491
1427,14.27,-0.001381865501395717
1428,14.280000000000001,-0.0013869429036374606
1429,14.290000000000001,-0.0013919996005934709
1430,14.3,-0.0013970350809582618
1431,14.31,-0.0014020488297799615
1432,14.32,-0.0014070403284616774
1433,14.33,-0.0014120090547631394
1434,14.34,-0.0014169544828026219
1435,14.35,-0.0014218760830591467
1436,14.36,-0.0014267733223749701
1437,14.370000000000001,-0.0014316456639583551
1438,14.38,-0.0014364925673866307
1439,14.39,-0.0014413134886095411
1440,14.4,-0.0014461078799528873
1441,14.41,-0.001450875190122461
1442,14.42,-0.0014556148642082755
1443,14.43,-0.0014603263436890929
1444,14.44,-0.0014650090664372528
1445,14.450000000000001,-0.0014696624667238014
1446,14.46,-0.0014742859752239245
1447,14.47,-0.0014788790190226873
1448,14.48,-0.0014834410216210802
1449,14.49,-0.001487971402942376
1450,14.5,-0.0014924695793387967
1451,14.51,-0.0014969349635984962
1452,14.52,-0.0015013669649528562
1453,14.530000000000001,-0.0015057649890841004
1454,14.540000000000001,-0.0015101284381332282
1455,14.55,-0.001514456710708269
1456,14.56,-0.0015187492018928599
1457,14.57,-0.001523005303255147
1458,14.58,-0.0015272244028570153
1459,14.59,-0.0015314058852636456
1460,14.6,-0.0015355491315534018
1461,14.61,-0.0015396535193280508
1462,14.620000000000001,-0.0015437184227233157
1463,14.63,-0.001547743212419765
1464,14.64,-0.001551727255654039
1465,14.65,-0.001555669916230415
1466,14.66,-0.0015595705545327133
1467,14.67,-0.0015634285275365457
1468,14.68,-0.0015672431888219087
1469,14.69,-0.0015710138885861216
1470,14.700000000000001,-0.0015747399736571123
1471,14.71,-0.0015784207875070523
1472,14.72,-0.0015820556702663422
1473,14.73,-0.0015856439587379496
1474,14.74,-0.0015891849864121004
1475,14.75,-0.001592678083481326
1476,14.76,-0.0015961225768558664
1477,14.77,-0.0015995177901794331
1478,14.780000000000001,-0.0016028630438453307
1479,14.790000000000001,-0.00160615765501294
1480,14.8,-0.0016094009376245637
1481,14.81,-0.0016125922024226376
1482,14.82,-0.0016157307569673056
1483,14.83,-0.0016188159056543623
1484,14.84,-0.0016218469497335647
1485,14.85,-0.0016248231873273128
1486,14.86,-0.001627743913449701
1487,14.870000000000001,-0.0016306084200259422
1488,14.88,-0.0016334159959121655
1489,14.89,-0.0016361659269155885
1490,14.9,-0.0016388574958150657
1491,14.91,-0.001641489982382014
1492,14.92,-0.0016440626634017163
1493,14.93,-0.0016465748126950057
1494,14.94,-0.0016490257011403293
1495,14.950000000000001,-0.001651414596696194
1496,14.96,-0.0016537407644239954
1497,14.97,-0.001656003466511231
1498,14.98,-0.0016582019622950971
1499,14.99,-0.0016603355082864728
1500,15.0,-0.0016624033581942902
1501,15.01,-0.001664404762950293
1502,15.02,-0.0016663389707341832
1503,15.030000000000001,-0.0016682052269991583
1504,15.040000000000001,-0.0016700027744978383
1505,15.05,-0.0016717308533085846
1506,15.06,-0.0016733887008622103
1507,15.07,-0.0016749755519690848
1508,15.08,-0.0016764906388466304
1509,15.09,-0.0016779331911472154
1510,15.1,-0.0016793024359864402
1511,15.11,-0.0016805975979718212
1512,15.120000000000001,-0.0016818178992318693
1513,15.13,-0.001682962559445567
1514,15.14,-0.0016840307958722424
1515,15.15,-0.0016850218233818415
1516,15.16,-0.0016859348544855993
1517,15.17,-0.0016867690993671099
1518,15.18,-0.0016875237659137964
1519,15.19,-0.0016881980597487814
1520,15.200000000000001,-0.0016887911842631568
1521,15.21,-0.001689302340648656
1522,15.22,-0.0016897307279307254
1523,15.23,-0.0016900755430019998
1524,15.24,-0.0016903359806561768
1525,15.25,-0.0016905112336222956
1526,15.26,-0.0016906004925994163
1527,15.27,-0.001690602946291703
1528,15.280000000000001,-0.0016905177814439077
1529,15.290000000000001,-0.0016903441828772588
1530,15.3,-0.0016900813335257502
1531,15.31,-0.001689728414472835
1532,15.32,-0.0016892846049885205
1533,15.33,-0.0016887490825668672
1534,15.34,-0.0016881210229638885
1535,15.35,-0.0016873996002358547
1536,15.36,-0.001686583986777999
1537,15.370000000000001,-0.0016856733533636245
1538,15.38,-0.0016846668691836155
1539,15.39,-0.0016835637018863478
1540,15.4,-0.0016823630176180026
1541,15.41,-0.0016810639810632807
1542,15.42,-0.0016796657554865176
1543,15.43,-0.0016781675027731987
1544,15.44,-0.001676568383471875
1545,15.450000000000001,-0.0016748675568364782
1546,15.46,-0.0016730641808690347
1547,15.47,-0.0016711574123627782
1548,15.48,-0.00166914640694566
1549,15.49,-0.0016670303191242567
1550,15.5,-0.001664808302328075
1551,15.51,-0.0016624795089542515
1552,15.52,-0.001660043090412649
1553,15.530000000000001,-0.0016574981971713464
1554,15.540000000000001,-0.001654843978802522
1555,15.55,-0.0016520795840287306
1556,15.56,-0.0016492041607695728
1557,15.57,-0.0016462168561887532
1558,15.58,-0.001643116816741531
1559,15.59,-0.001639903188222559
1560,15.6,-0.0016365751158141097
1561,15.610000000000001,-0.0016331317441346902
1562,15.620000000000001,-0.0016295722172880408
1563,15.63,-0.0016258956789125204
1564,15.64,-0.0016221012722308738
1565,15.65,-0.0016181881401003823
1566,15.66,-0.0016141554250633944
1567,15.67,-0.0016100022693982374
1568,15.68,-0.0016057278151705061
1569,15.69,-0.0016013312042847292
1570,15.700000000000001,-0.0015968115785364107
1571,15.71,-0.0015921680796644458
1572,15.72,-0.0015873998494039087
1573,15.73,-0.0015825060295392122
1574,15.74,-0.0015774857619576357
1575,15.75,-0.0015723381887032212
1576,15.76,-0.0015670624520310358
1577,15.77,-0.0015616576944617977
1578,15.780000000000001,-0.001556123058836865
1579,15.790000000000001,-0.0015504576883735857
1580,15.8,-0.001544660726721005
1581,15.81,-0.001538731318015932
1582,15.82,-0.0015326686069393588
1583,15.83,-0.001526471738773235
1584,15.84,-0.0015201398594575908
1585,15.85,-0.0015136721156480111
1586,15.860000000000001,-0.0015070676547734555
1587,15.870000000000001,-0.0015003256250944229
1588,15.88,-0.001493445175761459
1589,15.89,-0.0014864254568740037
1590,15.9,-0.0014792656195395772
1591,15.91,-0.0014719648159333004
1592,15.92,-0.0014645221993577501
1593,15.93,-0.0014569369243031445
1594,15.94,-0.0014492081465078566
1595,15.950000000000001,-0.0014413350230192549
1596,15.96,-0.001433316712254866
1597,15.97,-0.0014251523740638596
1598,15.98,-0.0014168411697888504
1599,15.99,-0.0014083822623280164
1600,16.0,-0.0013997748161975302
1601,16.01,-0.0013910179975942997
1602,16.02,-0.0013821109744590171
1603,16.03,-0.0013730529165395116
1604,16.04,-0.0013638429954544043
1605,16.05,-0.0013544803847570616
1606,16.06,-0.0013449642599998447
1607,16.07,-0.0013352937987986513
1608,16.080000000000002,-0.001325468180897748
1609,16.09,-0.001315486588234888
1610,16.1,-0.0013053482050067134
1611,16.11,-0.0012950522177344382
1612,16.12,-0.0012845978153298067
1613,16.13,-0.0012739841891613274
1614,16.14,-0.0012632105331207772
1615,16.15,-0.0012522760436899725
1616,16.16,-0.0012411799200078041
1617,16.17,-0.0012299213639375326
1618,16.18,-0.0012184995801343412
1619,16.19,-0.0012069137761131416
1620,16.2,-0.0011951631623166297
1621,16.21,-0.0011832469521835878
1622,16.22,-0.0011711643622174296
1623,16.23,-0.0011589146120549836
1624,16.240000000000002,-0.0011464969245355127
1625,16.25,-0.0011339105257699646
1626,16.26,-0.0011211546452104498
1627,16.27,-0.0011082285157199441
1628,16.28,-0.0010951313736422108
1629,16.29,-0.0010818624588719388
1630,16.3,-0.0010684210149250928
1631,16.31,-0.0010548062890094719
1632,16.32,-0.0010410175320954718
1633,16.330000000000002,-0.0010270539989870472
1634,16.34,-0.0010129149483928696
1635,16.35,-0.0009985996429976779
1636,16.36,-0.0009841073495338143
1637,16.37,-0.000969437338852946
1638,16.38,-0.0009545888859979632
1639,16.39,-0.0009395612702750536
1640,16.4,-0.0009243537753259464
1641,16.41,-0.0009089656892003212
1642,16.42,-0.0008933963044283799
1643,16.43,-0.0008776449180935739
1644,16.44,-0.0008617108319054846
1645,16.45,-0.0008455933522728508
1646,16.46,-0.0008292917903767402
1647,16.47,-0.0008128054622438584
1648,16.48,-0.0007961336888199924
1649,16.490000000000002,-0.0007792757960435829
1650,16.5,-0.0007622311149194207
1651,16.51,-0.0007449989815924632
1652,16.52,-0.0007275787374217651
1653,16.53,-0.0007099697290545192
1654,16.54,-0.0006921713085002017
1655,16.55,-0.0006741828332048182
1656,16.56,-0.0006560036661252441
1657,16.57,-0.000637633175803655
1658,16.580000000000002,-0.0006190707364420428
1659,16.59,-0.0006003157279768103
1660,16.6,-0.0005813675361534419
1661,16.61,-0.0005622255526012432
1662,16.62,-0.0005428891749081446
1663,16.63,-0.0005233578066955651
1664,16.64,-0.000503630857693329
1665,16.65,-0.00048370774381463195
1666,16.66,-0.00046358788723104954
1667,16.67,-0.0004432707164475846
1668,16.68,-0.0004227556663777464
1669,16.69,-0.00040204217841865737
1670,16.7,-0.00038112970052618097
1671,16.71,-0.0003600176872900663
1672,16.72,-0.0003387056000091029
1673,16.73,-0.0003171929067662808
1674,16.740000000000002,-0.00029547908250394993
1675,16.75,-0.00027356360909897346
1676,16.76,-0.0002514459754378695
1677,16.77,-0.0002291256774919352
1678,16.78,-0.00020660221839234749
1679,16.79,-0.00018387510850523538
1680,16.8,-0.00016094386550671717
1681,16.81,-0.00013780801445789737
1682,16.82,-0.00011446708787981738
1683,16.830000000000002,-9.092062582835393e-05
1684,16.84,-6.71681759690595e-05
1685,16.85,-4.32092936519389e-05
1686,16.86,-1.9043541986155876e-05
1687,16.87,5.329508085335991e-06
1688,16.88,2.99102777112443e-05
1689,16.89,5.4699180057476605e-05
1690,16.9,7.969662023277308e-05
1691,16.91,0.00010490299521443909
1692,16.92,0.00013031869377418384
1693,16.93,0.00015594409640407102
1694,16.94,0.00018177957524258788
1695,16.95,0.00020782549400083863
1696,16.96,0.00023408220788886843
1697,16.97,0.00026055006354212427
1698,16.98,0.0002872293989480589
1699,16.990000000000002,0.000314120543372884
1700,17.0,0.0003412238172884789
1701,17.01,0.00036853953229946127
1702,17.02,0.00039606799107042587
1703,17.03,0.0004238094872533579
1704,17.04,0.00045176430541522724
1705,17.05,0.0004799327209657697
1706,17.06,0.0005083150000854622
1707,17.07,0.000536911399653698
1708,17.080000000000002,0.000565722167177168
1709,17.09,0.0005947475407184554
1710,17.1,0.0006239877488248497
1711,17.11,0.0006534430104573859
1712,17.12,0.0006831135349201174
1713,17.13,0.0007129995217896262
1714,17.14,0.0007431011608447799
1715,17.150000000000002,0.0007734186319967394
1716,17.16,0.0008039521052192264
1717,17.17,0.0008347017404790544
1718,17.18,0.000865667687666933
1719,17.19,0.0008968500865285496
1720,17.2,0.0009282490665959352
1721,17.21,0.0009598647471191236
1722,17.22,0.000991697236998107
1723,17.23,0.0010237466347150972
1724,17.240000000000002,0.0010560130282670974
1725,17.25,0.0010884964950987933
1726,17.26,0.0011211971020357683
1727,17.27,0.0011541149052180493
1728,17.28,0.0011872499500339925
1729,17.29,0.0012206022710545118
1730,17.3,0.0012541718919676609
1731,17.31,0.0012879588255135714
1732,17.32,0.0013219630734197581
1733,17.330000000000002,0.0013561846263367941
1734,17.34,0.0013906234637743654
1735,17.35,0.0014252795540377098
1736,17.36,0.001460152854164449
1737,17.37,0.0014952433098618175
1738,17.38,0.0015305508554442984
1739,17.39,0.0015660754137716707
1740,17.400000000000002,0.001601816896187475
1741,17.41,0.0016377752024579056
1742,17.42,0.0016739502207111345
1743,17.43,0.0017103418273770744
1744,17.44,0.0017469498871275882
1745,17.45,0.0017837742528171502
1746,17.46,0.001820814765423967
1747,17.47,0.0018580712539915654
1748,17.48,0.001895543535570851
1749,17.490000000000002,0.0019332314151626494
1750,17.5,0.0019711346856607303
1751,17.51,0.0020092531277953276
1752,17.52,0.002047586510077158
1753,17.53,0.0020861345887419466
1754,17.54,0.002124897107695464
1755,17.55,0.0021638737984590855
1756,17.56,0.0022030643801158774
1757,17.57,0.0022424685592572135
1758,17.580000000000002,0.002282086029929935
1759,17.59,0.0023219164735840546
1760,17.6,0.002361959559021017
1761,17.61,0.0024022149423425154
1762,17.62,0.002442682266899879
1763,17.63,0.002483361163244031
1764,17.64,0.002524251249076027
1765,17.650000000000002,0.0025653521291981816
1766,17.66,0.002606663395465786
1767,17.67,0.002648184626739427
1768,17.68,0.0026899153888379126
1769,17.69,0.0027318552344918097
1770,17.7,0.002774003703297601
1771,17.71,0.0028163603216724686
1772,17.72,0.0028589246028097115
1773,17.73,0.0029016960466347994
1774,17.740000000000002,0.002944674139762074
1775,17.75,0.002987858355452102
1776,17.76,0.003031248153569687
1777,17.77,0.003074842980542545
1778,17.78,0.0031186422693206526
1779,17.79,0.003162645439336272
1780,17.8,0.0032068518964646618
1781,17.81,0.0032512610329854747
1782,17.82,0.003295872227544857
1783,17.830000000000002,0.003340684845118247
1784,17.84,0.003385698236973885
1785,17.85,0.003430911740637037
1786,17.86,0.003476324679854944
1787,17.87,0.003521936364562494
1788,17.88,0.0035677460908486347
1789,17.89,0.00361375314092352
1790,17.900000000000002,0.0036599567830864093
1791,17.91,0.003706356271694314
1792,17.92,0.0037529508471314064
1793,17.93,0.003799739735779193
1794,17.94,0.0038467221499874577
1795,17.95,0.003893897288045981
1796,17.96,0.003941264334157046
1797,17.97,0.003988822458408725
1798,17.98,0.0040365708167489755
1799,17.990000000000002,0.0040845085509605165
1800,18.0,0.00413263478863653
1801,18.01,0.004180948643157163
1802,18.02,0.004229449213666854
1803,18.03,0.004278135585052476
1804,18.04,0.004327006827922318
1805,18.05,0.004376061998585894
1806,18.06,0.004425300139034598
1807,18.07,0.004474720276923201
1808,18.080000000000002,0.004524321425552202
1809,18.09,0.004574102583851039
1810,18.1,0.004624062736362155
1811,18.11,0.004674200853225945
1812,18.12,0.0047245158901665614
1813,18.13,0.004775006788478614
1814,18.14,0.004825672475014741
1815,18.150000000000002,0.004876511862174078
1816,18.16,0.004927523847891622
1817,18.17,0.004978707315628491
1818,18.18,0.005030061134363092
1819,18.19,0.005081584158583198
1820,18.2,0.005133275228278946
1821,18.21,0.005185133168936745
1822,18.22,0.005237156791534123
1823,18.23,0.00528934489253549
1824,18.240000000000002,0.005341696253888851
1825,18.25,0.005394209643023449
1826,18.26,0.005446883812848359
1827,18.27,0.005499717501752027
1828,18.28,0.005552709433602769
1829,18.29,0.0056058583177502255
1830,18.3,0.00565916284902778
1831,18.31,0.005712621707755952
1832,18.32,0.005766233559746754
1833,18.330000000000002,0.0058199970563090325
1834,18.34,0.005873910834254788
1835,18.35,0.005927973515906485
1836,18.36,0.005982183709105346
1837,18.37,0.006036540007220649
1838,18.38,0.006091040989160018
1839,18.39,0.0061456852193807155
1840,18.400000000000002,0.006200471247901953
1841,18.41,0.0062553976103182
1842,18.42,0.006310462827813514
1843,18.43,0.006365665407176894
1844,18.44,0.0064210038408186515
1845,18.45,0.00647647660678781
1846,18.46,0.006532082168790539
1847,18.47,0.006587818976209616
1848,18.48,0.006643685464124937
1849,18.490000000000002,0.006699680053335057
1850,18.5,0.006755801150379787
1851,18.51,0.006812047147563833
1852,18.52,0.006868416422981487
1853,18.53,0.006924907340542384
1854,18.54,0.006981518249998305
1855,18.55,0.007038247486971048
1856,18.56,0.007095093372981368
1857,18.57,0.007152054215478983
1858,18.580000000000002,0.00720912830787365
1859,18.59,0.007266313929567315
1860,18.6,0.007323609345987352
1861,18.61,0.007381012808620863
1862,18.62,0.007438522555050083
1863,18.63,0.007496136808988852
1864,18.64,0.007553853780320192
1865,18.650000000000002,0.007611671665134966
1866,18.66,0.007669588645771632
1867,18.67,0.007727602890857099
1868,18.68,0.007785712555348677
1869,18.69,0.007843915780577129
1870,18.7,0.00790221069429083
1871,18.71,0.007960595410701028
1872,18.72,0.008019068030528218
1873,18.73,0.00807762664104962
1874,18.740000000000002,0.00813626931614778
1875,18.75,0.008194994116360266
1876,18.76,0.008253799088930503
1877,18.77,0.00831268226785971
1878,18.78,0.008371641673959967
1879,18.79,0.008430675314908391
1880,18.8,0.00848978118530245
1881,18.81,0.00854895726671639
1882,18.82,0.008608201527758791
1883,18.830000000000002,0.008667511924131259
1884,18.84,0.00872688639868823
1885,18.85,0.008786322881497922
1886,18.86,0.008845819289904407
1887,18.87,0.008905373528590815
1888,18.88,0.008964983489643676
1889,18.89,0.0090246470526184
1890,18.900000000000002,0.009084362084605882
1891,18.91,0.00914412644030025
1892,18.92,0.009203937962067749
1893,18.93,0.009263794480016758
1894,18.94,0.009323693812068953
1895,18.95,0.009383633764031602
1896,18.96,0.009443612129671004
1897,18.97,0.009503626690787057
1898,18.98,0.009563675217288984
1899,18.990000000000002,0.00962375546727218
1900,19.0,0.009683865187096212
1901,19.01,0.009744002111463947
1902,19.02,0.00980416396350184
1903,19.03,0.009864348454841337
1904,19.04,0.009924553285701434
1905,19.05,0.009984776144972373
1906,19.06,0.010045014710300476
1907,19.07,0.010105266648174115
1908,19.080000000000002,0.010165529614010824
1909,19.09,0.010225801252245549
1910,19.1,0.010286079196420028
1911,19.11,0.01034636106927332
1912,19.12,0.010406644482833457
1913,19.13,0.01046692703851024
1914,19.14,0.010527206327189157
1915,19.150000000000002,0.010587479929326451
1916,19.16,0.010647745415045304
1917,19.17,0.010708000344233155
1918,19.18,0.010768242266640152
1919,19.19,0.01082846872197873
1920,19.2,0.010888677240024305
1921,19.21,0.010948865340717113
1922,19.22,0.011009030534265147
1923,19.23,0.01106917032124824
1924,19.240000000000002,0.011129282192723243
1925,19.25,0.011189363630330343
1926,19.26,0.01124941210640048
1927,19.27,0.011309425084063893
1928,19.28,0.011369400017359753
1929,19.29,0.011429334351346935
1930,19.3,0.011489225522215877
1931,19.31,0.011549070957401545
1932,19.32,0.01160886807569751
1933,19.330000000000002,0.011668614287371116
1934,19.34,0.011728306994279744
1935,19.35,0.011787943589988182
1936,19.36,0.011847521459887067
1937,19.37,0.011907037981312436
1938,19.38,0.011966490523666344
1939,19.39,0.01202587644853858
1940,19.400000000000002,0.012085193109829452
1941,19.41,0.012144437853873648
1942,19.42,0.01220360801956518
1943,19.43,0.012262700938483386
1944,19.44,0.01232171393502
1945,19.45,0.012380644326507293
1946,19.46,0.012439489423347258
1947,19.47,0.012498246529141862
1948,19.48,0.012556912940824344
1949,19.490000000000002,0.01261548594879156
1950,19.5,0.01267396283703737
1951,19.51,0.012732340883287068
1952,19.52,0.012790617359132844
1953,19.53,0.012848789530170272
1954,19.54,0.012906854656135834
1955,19.55,0.012964809991045457
1956,19.56,0.01302265278333407
1957,19.57,0.013080380275996178
1958,19.580000000000002,0.013137989706727433
1959,19.59,0.013195478308067218
1960,19.6,0.013252843307542225
1961,19.61,0.013310081927811024
1962,19.62,0.013367191386809625
1963,19.63,0.013424168897898018
1964,19.64,0.013481011670007695
1965,19.650000000000002,0.013537716907790135
1966,19.66,0.01359428181176627
1967,19.67,0.013650703578476902
1968,19.68,0.013706979400634076
1969,19.69,0.013763106467273408
1970,19.7,0.013819081963907354
1971,19.71,0.013874903072679414
1972,19.72,0.013930566972519277
1973,19.73,0.013986070839298884
1974,19.740000000000002,0.014041411845989414
1975,19.75,0.014096587162819186
1976,19.76,0.014151593957432464
1977,19.77,0.014206429395049168
1978,19.78,0.014261090638625478
1979,19.79,0.01431557484901532
1980,19.8,0.014369879185132743
1981,19.81,0.014424000804115168
1982,19.82,0.014477936861487498
1983,19.830000000000002,0.014531684511327098
1984,19.84,0.014585240906429622
1985,19.85,0.014638603198475687
1986,19.86,0.014691768538198396
1987,19.87,0.014744734075551677
1988,19.88,0.014797496959879457
1989,19.89,0.014850054340085656
1990,19.900000000000002,0.014902403364804976
1991,19.91,0.014954541182574513
1992,19.92,0.015006464942006142
1993,19.93,0.015058171791959705
1994,19.94,0.015109658881716963
1995,19.95,0.015160923361156334
1996,19.96,0.015211962380928376
1997,19.97,0.01526277309263204
1998,19.98,0.015313352648991653
1999,19.990000000000002,0.015363698204034656
2000,20.0,0.015413806913270054
2001,20.01,0.015463675933867594
2002,20.02,0.015513302424837656
2003,20.03,0.015562683547211844
2004,20.04,0.015611816464224272
2005,20.05,0.015660698341493532
2006,20.06,0.015709326347205343
2007,20.07,0.01575769765229586
2008,20.080000000000002,0.01580580943063565
2009,20.09,0.0158536588592143
2010,20.1,0.015901243118325695
2011,20.11,0.015948559391753887
2012,20.12,0.01599560486695961
2013,20.13,0.01604237673526739
2014,20.14,0.016088872192053277
2015,20.150000000000002,0.01613508843693314
2016,20.16,0.016181022673951568
2017,20.17,0.016226672111771315
2018,20.18,0.016272033963863335
2019,20.19,0.01631710544869734
2020,20.2,0.01636188378993293
2021,20.21,0.016406366216611207
2022,20.22,0.01645054996334696
2023,20.23,0.016494432270521317
2024,20.240000000000002,0.01653801038447492
2025,20.25,0.016581281557701576
2026,20.26,0.016624243049042392
2027,20.27,0.016666892123880367
2028,20.28,0.016709226054335443
2029,20.29,0.01675124211946
2030,20.3,0.016792937605434786
2031,20.31,0.016834309805765262
2032,20.32,0.01687535602147836
2033,20.330000000000002,0.016916073561319637
2034,20.34,0.01695645974195083
2035,20.35,0.016996511888147763
2036,20.36,0.017036227332998623
2037,20.37,0.01707560341810261
2038,20.38,0.0171146374937689
2039,20.39,0.01715332691921595
2040,20.400000000000002,0.017191669062771114
2041,20.41,0.017229661302070567
2042,20.42,0.01726730102425951
2043,20.43,0.017304585626192668
2044,20.44,0.01734151251463505
2045,20.45,0.017378079106462954
2046,20.46,0.017414282828865233
2047,20.47,0.01745012111954477
2048,20.48,0.017485591426920178
2049,20.490000000000002,0.01752069121032771
2050,20.5,0.017555417940223354
2051,20.51,0.017589769098385097
2052,20.52,0.017623742178115367
2053,20.53,0.017657334684443624
2054,20.54,0.017690544134329078
2055,20.55,0.017723368056863552
2056,20.56,0.017755803993474435
2057,20.57,0.017787849498127752
2058,20.580000000000002,0.0178195021375313
2059,20.59,0.01785075949133787
2060,20.6,0.01788161915234852
2061,20.61,0.01791207872671589
2062,20.62,0.017942135834147544
2063,20.63,0.01797178810810934
2064,20.64,0.018001033196028787
2065,20.650000000000002,0.018029868759498392
2066,20.66,0.018058292474478987
2067,20.67,0.018086302031503007
2068,20.68,0.018113895135877713
2069,20.69,0.018141069507888352
2070,20.7,0.018167822883001224
2071,20.71,0.01819415301206665
2072,20.72,0.018220057661521835
2073,20.73,0.018245534613593583
2074,20.740000000000002,0.018270581666500894
2075,20.75,0.01829519663465738
2076,20.76,0.018319377348873515
2077,20.77,0.018343121656558707
2078,20.78,0.018366427421923147
2079,20.79,0.018389292526179445
2080,20.8,0.018411714867744042
2081,20.81,0.018433692362438355
2082,20.82,0.018455222943689672
2083,20.830000000000002,0.018476304562731756
2084,20.84,0.018496935188805158
2085,20.85,0.018517112809357212
2086,20.86,0.01853683543024171
2087,20.87,0.018556101075918215
2088,20.88,0.018574907789651048
2089,20.89,0.018593253633707858
2090,20.900000000000002,0.018611136689557828
2091,20.91,0.01862855505806947
2092,20.92,0.018645506859707985
2093,20.93,0.018661990234732185
2094,20.94,0.01867800334339097
2095,20.95,0.018693544366119322
2096,20.96,0.0187086115037338
2097,20.97,0.018723202977627553
2098,20.98,0.01873731702996478
2099,20.990000000000002,0.018750951923874683
2100,21.0,0.01876410594364484
2101,21.01,0.018776777394914006
2102,21.02,0.018788964604864344
2103,21.03,0.018800665922413026
2104,21.04,0.018811879718403215
2105,21.05,0.018822604385794424
2106,21.06,0.01883283833985219
2107,21.07,0.018842580018337093
2108,21.080000000000002,0.018851827881693078
2109,21.09,0.018860580413235056
2110,21.1,0.018868836119335795
2111,21.11,0.018876593529612053
2112,21.12,0.018883851197109957
2113,21.13,0.0188906076984896
2114,21.14,0.01889686163420884
2115,21.150000000000002,0.018902611628706278
2116,21.16,0.018907856330583426
2117,21.17,0.018912594412785994
2118,21.18,0.01891682457278433
2119,21.19,0.018920545532752967
2120,21.2,0.018923756039749273
2121,21.21,0.01892645486589117
2122,21.22,0.018928640808533913
2123,21.23,0.018930312690445924
2124,21.240000000000002,0.018931469359983636
2125,21.25,0.018932109691265353
2126,21.26,0.018932232584344087
2127,21.27,0.01893183696537938
2128,21.28,0.018930921786808066
2129,21.29,0.018929486027513962
2130,21.3,0.018927528692996493
2131,21.31,0.018925048815538192
2132,21.32,0.01892204545437109
2133,21.330000000000002,0.018918517695841967
2134,21.34,0.018914464653576428
2135,21.35,0.018909885468641825
2136,21.36,0.01890477930970896
2137,21.37,0.018899145373212595
2138,21.38,0.018892982883510708
2139,21.39,0.01888629109304251
2140,21.400000000000002,0.018879069282485193
2141,21.41,0.018871316760909373
2142,21.42,0.01886303286593324
2143,21.43,0.018854216963875375
2144,21.44,0.018844868449906228
2145,21.45,0.018834986748198213
2146,21.46,0.01882457131207444
2147,21.47,0.01881362162415604
2148,21.48,0.01880213719650805
2149,21.490000000000002,0.01879011757078389
2150,21.5,0.018777562318368357
2151,21.51,0.018764471040519138
2152,21.52,0.01875084336850685
2153,21.53,0.01873667896375354
2154,21.54,0.01872197751796966
2155,21.55,0.018706738753289497
2156,21.56,0.018690962422405002
2157,21.57,0.018674648308698055
2158,21.580000000000002,0.018657796226371114
2159,21.59,0.01864040602057622
2160,21.6,0.018622477567542366
2161,21.61,0.018604010774701193
2162,21.62,0.018585005580810995
2163,21.63,0.018565461956079027
2164,21.64,0.018545379902282083
2165,21.650000000000002,0.018524759452885328
2166,21.66,0.018503600673159364
2167,21.67,0.01848190366029552
2168,21.68,0.01845966854351935
2169,21.69,0.018436895484202277
2170,21.7,0.018413584675971442
2171,21.71,0.018389736344817657
2172,21.72,0.01836535074920151
2173,21.73,0.018340428180157547
2174,21.740000000000002,0.018314968961396567
2175,21.75,0.018288973449405957
2176,21.76,0.018262442033548095
2177,21.77,0.018235375136156768
2178,21.78,0.018207773212631607
2179,21.79,0.01817963675153051
2180,21.8,0.018150966274660042
2181,21.81,0.018121762337163776
2182,21.82,0.018092025527608583
2183,21.830000000000002,0.01806175646806884
2184,21.84,0.01803095581420851
2185,21.85,0.017999624255361144
2186,21.86,0.017967762514607695
2187,21.87,0.017935371348852217
2188,21.88,0.017902451548895356
2189,21.89,0.017869003939505673
2190,21.900000000000002,0.01783502937948873
2191,21.91,0.01780052876175397
2192,21.92,0.01776550301337931
2193,21.93,0.017729953095673517
2194,21.94,0.017693880004236256
2195,21.95,0.017657284769015853
2196,21.96,0.017620168454364742
2197,21.97,0.017582532159092553
2198,21.98,0.017544377016516864
2199,21.990000000000002,0.017505704194511567
2200,22.0,0.01746651489555284
2201,22.01,0.017426810356762714
2202,22.02,0.017386591849950218
2203,22.03,0.017345860681650064
2204,22.04,0.017304618193158882
2205,22.05,0.017262865760568975
2206,22.06,0.017220604794799563
2207,22.07,0.01717783674162554
2208,22.080000000000002,0.01713456308170367
2209,22.09,0.01709078533059626
2210,22.1,0.017046505038792254
2211,22.11,0.017001723791725754
2212,22.12,0.01695644320979194
2213,22.13,0.01691066494836037
2214,22.14,0.016864390697785676
2215,22.150000000000002,0.01681762218341557
2216,22.16,0.01677036116559622
2217,22.17,0.016722609439674945
2218,22.18,0.016674368836000205
2219,22.19,0.016625641219918882
2220,22.2,0.016576428491770837
2221,22.21,0.01652673258688073
2222,22.22,0.01647655547554708
2223,22.23,0.016425899163028553
2224,22.240000000000002,0.016374765689527455
2225,22.25,0.01632315713017044
2226,22.26,0.016271075594986393
2227,22.27,0.01621852322888146
2228,22.28,0.016165502211611282
2229,22.29,0.01611201475775031
2230,22.3,0.016058063116658295
2231,22.31,0.01600364957244385
2232,22.32,0.015948776443925144
2233,22.330000000000002,0.01589344608458765
2234,22.34,0.015837660882538983
2235,22.35,0.01578142326046078
2236,22.36,0.015724735675557645
2237,22.37,0.015667600619503088
2238,22.38,0.015610020618382524
2239,22.39,0.015551998232633247
2240,22.400000000000002,0.015493536056981403
2241,22.41,0.015434636720375948
2242,22.42,0.015375302885919572
2243,22.43,0.015315537250796575
2244,22.44,0.01525534254619769
2245,22.45,0.015194721537241836
2246,22.46,0.015133677022894799
2247,22.47,0.015072211835884811
2248,22.48,0.01501032884261504
2249,22.490000000000002,0.014948030943072958
2250,22.5,0.014885321070736592
2251,22.51,0.014822202192477645
2252,22.52,0.014758677308461466
2253,22.53,0.014694749452043878
2254,22.54,0.014630421689664832
2255,22.55,0.014565697120738897
2256,22.56,0.01450057887754257
2257,22.57,0.01443507012509839
2258,22.580000000000002,0.014369174061055857
2259,22.59,0.014302893915569147
2260,22.6,0.014236232951171606
2261,22.61,0.014169194462647024
2262,22.62,0.014101781776897679
2263,22.63,0.014033998252809137
2264,22.64,0.013965847281111816
2265,22.650000000000002,0.013897332284239288
2266,22.66,0.013828456716183329
2267,22.67,0.013759224062345695
2268,22.68,0.013689637839386638
2269,22.69,0.013619701595070132
2270,22.7,0.013549418908105825
2271,22.71,0.0134787933879877
2272,22.72,0.013407828674829435
2273,22.73,0.013336528439196478
2274,22.740000000000002,0.013264896381934807
2275,22.75,0.01319293623399639
2276,22.76,0.013120651756261337
2277,22.77,0.013048046739356722
2278,22.78,0.012975125003472109
2279,22.79,0.012901890398171736
2280,22.8,0.012828346802203398
2281,22.81,0.012754498123303985
2282,22.82,0.012680348298001699
2283,22.830000000000002,0.012605901291414947
2284,22.84,0.012531161097047896
2285,22.85,0.012456131736582702
2286,22.86,0.012380817259668395
2287,22.87,0.012305221743706449
2288,22.88,0.012229349293633002
2289,22.89,0.012153204041697757
2290,22.900000000000002,0.012076790147239537
2291,22.91,0.012000111796458521
2292,22.92,0.011923173202185144
2293,22.93,0.011845978603645665
2294,22.94,0.01176853226622442
2295,22.95,0.011690838481222739
2296,22.96,0.01161290156561455
2297,22.97,0.01153472586179866
2298,22.98,0.011456315737347721
2299,22.990000000000002,0.011377675584753891
2300,23.0,0.01129880982117118
2301,23.01,0.011219722888154496
2302,23.02,0.011140419251395401
2303,23.03,0.011060903400454564
2304,23.04,0.010981179848490931
2305,23.05,0.010901253131987618
2306,23.06,0.010821127810474528
2307,23.07,0.010740808466247696
2308,23.080000000000002,0.010660299704085385
2309,23.09,0.010579606150960917
2310,23.1,0.010498732455752268
2311,23.11,0.010417683288948421
2312,23.12,0.010336463342352501
2313,23.13,0.010255077328781679
2314,23.14,0.010173529981763877
2315,23.150000000000002,0.010091826055231278
2316,23.16,0.01000997032321063
2317,23.17,0.009927967579510396
2318,23.18,0.009845822637404718
2319,23.19,0.009763540329314244
2320,23.2,0.009681125506483795
2321,23.21,0.00959858303865692
2322,23.22,0.009515917813747323
2323,23.23,0.009433134737507188
2324,23.240000000000002,0.009350238733192419
2325,23.25,0.0092672347412248
2326,23.26,0.009184127718851099
2327,23.27,0.009100922639799123
2328,23.28,0.009017624493930742
2329,23.29,0.008934238286891903
2330,23.3,0.008850769039759645
2331,23.31,0.008767221788686129
2332,23.32,0.008683601584539714
2333,23.330000000000002,0.008599913492543078
2334,23.34,0.008516162591908415
2335,23.35,0.008432353975469728
2336,23.36,0.00834849274931222
2337,23.37,0.008264584032398836
2338,23.38,0.008180632956193926
2339,23.39,0.008096644664284109
2340,23.400000000000002,0.008012624311996303
2341,23.41,0.007928577066012986
2342,23.42,0.00784450810398468
2343,23.43,0.007760422614139699
2344,23.44,0.007676325794891171
2345,23.45,0.007592222854441369
2346,23.46,0.0075081190103833675
2347,23.47,0.007424019489300042
2348,23.48,0.0073399295263604555
2349,23.490000000000002,0.007255854364913639
2350,23.5,0.0071717992560798
2351,23.51,0.007087769458338983
2352,23.52,0.007003770237117209
2353,23.53,0.006919806864370123
2354,23.54,0.0068358846181641696
2355,23.55,0.0067520087822553355
2356,23.56,0.006668184645665479
2357,23.57,0.0065844175022562795
2358,23.580000000000002,0.006500712650300832
2359,23.59,0.006417075392052924
2360,23.6,0.006333511033314019
2361,23.61,0.006250024882997975
2362,23.62,0.00616662225269354
2363,23.63,0.006083308456224645
2364,23.64,0.006000088809208533
2365,23.650000000000002,0.005916968628611756
2366,23.66,0.005833953232304069
2367,23.67,0.005751047938610257
2368,23.68,0.00566825806585994
2369,23.69,0.005585588931935366
2370,23.7,0.005503045853817255
2371,23.71,0.005420634147128705
2372,23.72,0.005338359125677213
2373,23.73,0.005256226100994847
2374,23.740000000000002,0.005174240381876587
2375,23.75,0.005092407273916898
2376,23.76,0.005010732079044558
2377,23.77,0.004929220095055778
2378,23.78,0.004847876615145665
2379,23.79,0.0047667069274380525
2380,23.8,0.004685716314513747
2381,23.81,0.004604910052937233
2382,23.82,0.00452429341278187
2383,23.830000000000002,0.004443871657153626
2384,23.84,0.004363650041713391
2385,23.85,0.004283633814197906
2386,23.86,0.004203828213939364
2387,23.87,0.0041242384713837035
2388,23.88,0.0040448698076076635
2389,23.89,0.003965727433834624
2390,23.900000000000002,0.0038868165509492883
2391,23.91,0.0038081423490112427
2392,23.92,0.003729710006767448
2393,23.93,0.0036515246911637015
2394,23.94,0.003573591556855119
2395,23.95,0.003495915745715682
2396,23.96,0.0034185023863468984
2397,23.97,0.003341356593585622
2398,23.98,0.0032644834680110803
2399,23.990000000000002,0.0031878880954511603
